21:43:53 | INFO     | Gateway         | Running two streams: prices (9999) and sentiment (9998)
21:43:53 | INFO     | Gateway         | PriceStream: Stream started on 127.0.0.1:9999
21:43:53 | INFO     | Gateway         | NewsStream: Stream started on 127.0.0.1:9998
21:43:54 | INFO     | OrderBook       | Connected to price feed at 127.0.0.1:9999
21:43:54 | INFO     | Gateway         | PriceStream: Client connected from ('127.0.0.1', 60179)
21:43:55 | INFO     | Strategy        | Strategy started, waiting for order manager connection...
21:43:55 | INFO     | Strategy        | Connected to news stream at 127.0.0.1:9998
21:43:55 | INFO     | Gateway         | NewsStream: Client connected from ('127.0.0.1', 60182)
21:43:55 | INFO     | Strategy        | Listening for order manager on 127.0.0.1:9997
21:43:56 | INFO     | OrderManager    | Order manager starting, connecting to 127.0.0.1:9997
21:43:56 | INFO     | OrderManager    | Connected to strategy at 127.0.0.1:9997
21:43:56 | INFO     | Strategy        | Order manager connected from ('127.0.0.1', 60184)
21:43:56 | INFO     | OrderManager    | Order #1: BUY 10 AAPL @ 100
21:43:56 | INFO     | OrderManager    | Order #2: BUY 10 AAPL @ 100
21:43:56 | INFO     | OrderManager    | Order #3: BUY 10 AAPL @ 100
21:43:59 | INFO     | OrderManager    | Order #4: BUY 10 AAPL @ 100
21:43:59 | INFO     | OrderManager    | Order #5: BUY 10 AAPL @ 100
21:43:59 | INFO     | OrderManager    | Order #6: BUY 10 AAPL @ 100
21:44:02 | INFO     | OrderManager    | Order #7: BUY 10 AAPL @ 100
21:44:02 | INFO     | OrderManager    | Order #8: BUY 10 AAPL @ 100
21:44:02 | INFO     | OrderManager    | Order #9: BUY 10 AAPL @ 100
21:44:05 | INFO     | OrderManager    | Order #10: BUY 10 AAPL @ 100
21:44:05 | INFO     | OrderManager    | Order #11: BUY 10 AAPL @ 100
21:44:05 | INFO     | OrderManager    | Order #12: BUY 10 AAPL @ 100
21:44:08 | INFO     | OrderManager    | Order #13: BUY 10 AAPL @ 100
21:44:08 | INFO     | OrderManager    | Order #14: BUY 10 AAPL @ 100
21:44:08 | INFO     | OrderManager    | Order #15: BUY 10 AAPL @ 100
21:44:11 | INFO     | OrderManager    | Order #16: BUY 10 AAPL @ 100
21:44:11 | INFO     | OrderManager    | Order #17: BUY 10 AAPL @ 100
21:44:11 | INFO     | OrderManager    | Order #18: BUY 10 AAPL @ 100
21:44:14 | INFO     | OrderManager    | Order #19: BUY 10 AAPL @ 100
21:44:14 | INFO     | OrderManager    | Order #20: BUY 10 AAPL @ 100
21:44:14 | INFO     | OrderManager    | Order #21: BUY 10 AAPL @ 100
21:44:17 | INFO     | OrderManager    | Order #22: BUY 10 AAPL @ 100
21:44:17 | INFO     | OrderManager    | Order #23: BUY 10 AAPL @ 100
21:44:17 | INFO     | OrderManager    | Order #24: BUY 10 AAPL @ 100
21:44:20 | INFO     | OrderManager    | Order #25: BUY 10 AAPL @ 100
21:44:20 | INFO     | OrderManager    | Order #26: BUY 10 AAPL @ 100
21:44:20 | INFO     | OrderManager    | Order #27: BUY 10 AAPL @ 100
21:44:23 | INFO     | OrderManager    | Order #28: BUY 10 AAPL @ 100
21:44:23 | INFO     | OrderManager    | Order #29: BUY 10 AAPL @ 100
21:44:23 | INFO     | OrderManager    | Order #30: BUY 10 AAPL @ 100
21:44:26 | INFO     | OrderManager    | Order #31: BUY 10 AAPL @ 100
21:44:26 | INFO     | OrderManager    | Order #32: BUY 10 AAPL @ 100
21:44:26 | INFO     | OrderManager    | Order #33: BUY 10 AAPL @ 100
21:44:29 | INFO     | OrderManager    | Order #34: BUY 10 AAPL @ 100
21:44:29 | INFO     | OrderManager    | Order #35: BUY 10 AAPL @ 100
21:44:29 | INFO     | OrderManager    | Order #36: BUY 10 AAPL @ 100
21:44:32 | INFO     | OrderManager    | Order #37: BUY 10 AAPL @ 100
21:44:32 | INFO     | OrderManager    | Order #38: BUY 10 AAPL @ 100
21:44:32 | INFO     | OrderManager    | Order #39: BUY 10 AAPL @ 100
21:44:35 | INFO     | OrderManager    | Order #40: BUY 10 AAPL @ 100
21:44:35 | INFO     | OrderManager    | Order #41: BUY 10 AAPL @ 100
21:44:35 | INFO     | OrderManager    | Order #42: BUY 10 AAPL @ 100
21:44:38 | INFO     | OrderManager    | Order #43: BUY 10 AAPL @ 100
21:44:38 | INFO     | OrderManager    | Order #44: BUY 10 AAPL @ 100
21:44:38 | INFO     | OrderManager    | Order #45: BUY 10 AAPL @ 100
21:44:41 | INFO     | OrderManager    | Order #46: BUY 10 AAPL @ 100
21:44:41 | INFO     | OrderManager    | Order #47: BUY 10 AAPL @ 100
21:44:41 | INFO     | OrderManager    | Order #48: BUY 10 AAPL @ 100
21:44:44 | INFO     | OrderManager    | Order #49: BUY 10 AAPL @ 100
21:44:44 | INFO     | OrderManager    | Order #50: BUY 10 AAPL @ 100
21:44:44 | INFO     | OrderManager    | Order #51: BUY 10 AAPL @ 100
21:44:47 | INFO     | OrderManager    | Order #52: BUY 10 AAPL @ 100
21:44:47 | INFO     | OrderManager    | Order #53: BUY 10 AAPL @ 100
21:44:47 | INFO     | OrderManager    | Order #54: BUY 10 AAPL @ 100
21:44:50 | INFO     | OrderManager    | Order #55: BUY 10 AAPL @ 100
21:44:50 | INFO     | OrderManager    | Order #56: BUY 10 AAPL @ 100
21:44:50 | INFO     | OrderManager    | Order #57: BUY 10 AAPL @ 100
21:44:53 | INFO     | OrderManager    | Order #58: BUY 10 AAPL @ 100
21:44:53 | INFO     | OrderManager    | Order #59: BUY 10 AAPL @ 100
21:44:53 | INFO     | OrderManager    | Order #60: BUY 10 AAPL @ 100
21:44:56 | INFO     | OrderManager    | Order #61: BUY 10 AAPL @ 100
21:44:56 | INFO     | OrderManager    | Order #62: BUY 10 AAPL @ 100
21:44:56 | INFO     | OrderManager    | Order #63: BUY 10 AAPL @ 100
21:44:59 | INFO     | OrderManager    | Order #64: BUY 10 AAPL @ 100
21:44:59 | INFO     | OrderManager    | Order #65: BUY 10 AAPL @ 100
21:44:59 | INFO     | OrderManager    | Order #66: BUY 10 AAPL @ 100
21:45:02 | INFO     | OrderManager    | Order #67: BUY 10 AAPL @ 100
21:45:02 | INFO     | OrderManager    | Order #68: BUY 10 AAPL @ 100
21:45:02 | INFO     | OrderManager    | Order #69: BUY 10 AAPL @ 100
21:45:05 | INFO     | OrderManager    | Order #70: BUY 10 AAPL @ 100
21:45:05 | INFO     | OrderManager    | Order #71: BUY 10 AAPL @ 100
21:45:05 | INFO     | OrderManager    | Order #72: BUY 10 AAPL @ 100
21:45:08 | INFO     | OrderManager    | Order #73: BUY 10 AAPL @ 100
21:45:08 | INFO     | OrderManager    | Order #74: BUY 10 AAPL @ 100
21:45:08 | INFO     | OrderManager    | Order #75: BUY 10 AAPL @ 100
21:45:11 | INFO     | OrderManager    | Order #76: BUY 10 AAPL @ 100
21:45:11 | INFO     | OrderManager    | Order #77: BUY 10 AAPL @ 100
21:45:11 | INFO     | OrderManager    | Order #78: BUY 10 AAPL @ 100
21:45:14 | INFO     | OrderManager    | Order #79: BUY 10 AAPL @ 100
21:45:14 | INFO     | OrderManager    | Order #80: BUY 10 AAPL @ 100
21:45:14 | INFO     | OrderManager    | Order #81: BUY 10 AAPL @ 100
21:45:17 | INFO     | OrderManager    | Order #82: BUY 10 AAPL @ 100
21:45:17 | INFO     | OrderManager    | Order #83: BUY 10 AAPL @ 100
21:45:17 | INFO     | OrderManager    | Order #84: BUY 10 AAPL @ 100
21:45:20 | INFO     | OrderManager    | Order #85: BUY 10 AAPL @ 100
21:45:20 | INFO     | OrderManager    | Order #86: BUY 10 AAPL @ 100
21:45:20 | INFO     | OrderManager    | Order #87: BUY 10 AAPL @ 100
21:45:23 | INFO     | OrderManager    | Order #88: BUY 10 AAPL @ 100
21:45:23 | INFO     | OrderManager    | Order #89: BUY 10 AAPL @ 100
21:45:23 | INFO     | OrderManager    | Order #90: BUY 10 AAPL @ 100
21:45:26 | INFO     | OrderManager    | Order #91: BUY 10 AAPL @ 100
21:45:26 | INFO     | OrderManager    | Order #92: BUY 10 AAPL @ 100
21:45:26 | INFO     | OrderManager    | Order #93: BUY 10 AAPL @ 100
21:45:29 | INFO     | OrderManager    | Order #94: BUY 10 AAPL @ 100
21:45:29 | INFO     | OrderManager    | Order #95: BUY 10 AAPL @ 100
21:45:29 | INFO     | OrderManager    | Order #96: BUY 10 AAPL @ 100
21:45:32 | INFO     | OrderManager    | Order #97: BUY 10 AAPL @ 100
21:45:32 | INFO     | OrderManager    | Order #98: BUY 10 AAPL @ 100
21:45:32 | INFO     | OrderManager    | Order #99: BUY 10 AAPL @ 100
21:45:35 | INFO     | OrderManager    | Order #100: BUY 10 AAPL @ 100
21:45:35 | INFO     | OrderManager    | Order #101: BUY 10 AAPL @ 100
21:45:35 | INFO     | OrderManager    | Order #102: BUY 10 AAPL @ 100
21:45:38 | INFO     | OrderManager    | Order #103: BUY 10 AAPL @ 100
21:45:38 | INFO     | OrderManager    | Order #104: BUY 10 AAPL @ 100
21:45:38 | INFO     | OrderManager    | Order #105: BUY 10 AAPL @ 100
21:45:41 | INFO     | OrderManager    | Order #106: BUY 10 AAPL @ 100
21:45:41 | INFO     | OrderManager    | Order #107: BUY 10 AAPL @ 100
21:45:41 | INFO     | OrderManager    | Order #108: BUY 10 AAPL @ 100
21:45:44 | INFO     | OrderManager    | Order #109: BUY 10 AAPL @ 100
21:45:44 | INFO     | OrderManager    | Order #110: BUY 10 AAPL @ 100
21:45:44 | INFO     | OrderManager    | Order #111: BUY 10 AAPL @ 100
21:45:47 | INFO     | OrderManager    | Order #112: BUY 10 AAPL @ 100
21:45:47 | INFO     | OrderManager    | Order #113: BUY 10 AAPL @ 100
21:45:47 | INFO     | OrderManager    | Order #114: BUY 10 AAPL @ 100
21:45:50 | INFO     | OrderManager    | Order #115: BUY 10 AAPL @ 100
21:45:50 | INFO     | OrderManager    | Order #116: BUY 10 AAPL @ 100
21:45:50 | INFO     | OrderManager    | Order #117: BUY 10 AAPL @ 100
21:45:53 | INFO     | OrderManager    | Order #118: BUY 10 AAPL @ 100
21:45:53 | INFO     | OrderManager    | Order #119: BUY 10 AAPL @ 100
21:45:53 | INFO     | OrderManager    | Order #120: BUY 10 AAPL @ 100
21:45:56 | INFO     | OrderManager    | Order #121: BUY 10 AAPL @ 100
21:45:56 | INFO     | OrderManager    | Order #122: BUY 10 AAPL @ 100
21:45:56 | INFO     | OrderManager    | Order #123: BUY 10 AAPL @ 100
21:45:59 | INFO     | OrderManager    | Order #124: BUY 10 AAPL @ 100
21:45:59 | INFO     | OrderManager    | Order #125: BUY 10 AAPL @ 100
21:45:59 | INFO     | OrderManager    | Order #126: BUY 10 AAPL @ 100
21:46:02 | INFO     | OrderManager    | Order #127: BUY 10 AAPL @ 100
21:46:02 | INFO     | OrderManager    | Order #128: BUY 10 AAPL @ 100
21:46:02 | INFO     | OrderManager    | Order #129: BUY 10 AAPL @ 100
21:46:05 | INFO     | OrderManager    | Order #130: BUY 10 AAPL @ 100
21:46:05 | INFO     | OrderManager    | Order #131: BUY 10 AAPL @ 100
21:46:05 | INFO     | OrderManager    | Order #132: BUY 10 AAPL @ 100
21:46:08 | INFO     | OrderManager    | Order #133: BUY 10 AAPL @ 100
21:46:08 | INFO     | OrderManager    | Order #134: BUY 10 AAPL @ 100
21:46:08 | INFO     | OrderManager    | Order #135: BUY 10 AAPL @ 100
21:46:11 | INFO     | OrderManager    | Order #136: BUY 10 AAPL @ 100
21:46:11 | INFO     | OrderManager    | Order #137: BUY 10 AAPL @ 100
21:46:11 | INFO     | OrderManager    | Order #138: BUY 10 AAPL @ 100
21:46:14 | INFO     | OrderManager    | Order #139: BUY 10 AAPL @ 100
21:46:14 | INFO     | OrderManager    | Order #140: BUY 10 AAPL @ 100
21:46:14 | INFO     | OrderManager    | Order #141: BUY 10 AAPL @ 100
21:46:17 | INFO     | OrderManager    | Order #142: BUY 10 AAPL @ 100
21:46:17 | INFO     | OrderManager    | Order #143: BUY 10 AAPL @ 100
21:46:17 | INFO     | OrderManager    | Order #144: BUY 10 AAPL @ 100
21:46:20 | INFO     | OrderManager    | Order #145: BUY 10 AAPL @ 100
21:46:20 | INFO     | OrderManager    | Order #146: BUY 10 AAPL @ 100
21:46:20 | INFO     | OrderManager    | Order #147: BUY 10 AAPL @ 100
21:46:23 | INFO     | OrderManager    | Order #148: BUY 10 AAPL @ 100
21:46:23 | INFO     | OrderManager    | Order #149: BUY 10 AAPL @ 100
21:46:23 | INFO     | OrderManager    | Order #150: BUY 10 AAPL @ 100
21:46:26 | INFO     | OrderManager    | Order #151: BUY 10 AAPL @ 100
21:46:26 | INFO     | OrderManager    | Order #152: BUY 10 AAPL @ 100
21:46:26 | INFO     | OrderManager    | Order #153: BUY 10 AAPL @ 100
21:46:29 | INFO     | OrderManager    | Order #154: BUY 10 AAPL @ 100
21:46:29 | INFO     | OrderManager    | Order #155: BUY 10 AAPL @ 100
21:46:29 | INFO     | OrderManager    | Order #156: BUY 10 AAPL @ 100
21:46:32 | INFO     | OrderManager    | Order #157: BUY 10 AAPL @ 100
21:46:32 | INFO     | OrderManager    | Order #158: BUY 10 AAPL @ 100
21:46:32 | INFO     | OrderManager    | Order #159: BUY 10 AAPL @ 100
21:46:35 | INFO     | OrderManager    | Order #160: BUY 10 AAPL @ 100
21:46:35 | INFO     | OrderManager    | Order #161: BUY 10 AAPL @ 100
21:46:35 | INFO     | OrderManager    | Order #162: BUY 10 AAPL @ 100
21:46:38 | INFO     | OrderManager    | Order #163: BUY 10 AAPL @ 100
21:46:38 | INFO     | OrderManager    | Order #164: BUY 10 AAPL @ 100
21:46:38 | INFO     | OrderManager    | Order #165: BUY 10 AAPL @ 100
21:46:41 | INFO     | OrderManager    | Order #166: BUY 10 AAPL @ 100
21:46:41 | INFO     | OrderManager    | Order #167: BUY 10 AAPL @ 100
21:46:41 | INFO     | OrderManager    | Order #168: BUY 10 AAPL @ 100
21:46:44 | INFO     | OrderManager    | Order #169: BUY 10 AAPL @ 100
21:46:44 | INFO     | OrderManager    | Order #170: BUY 10 AAPL @ 100
21:46:44 | INFO     | OrderManager    | Order #171: BUY 10 AAPL @ 100
21:46:47 | INFO     | OrderManager    | Order #172: BUY 10 AAPL @ 100
21:46:47 | INFO     | OrderManager    | Order #173: BUY 10 AAPL @ 100
21:46:47 | INFO     | OrderManager    | Order #174: BUY 10 AAPL @ 100
21:46:50 | INFO     | OrderManager    | Order #175: BUY 10 AAPL @ 100
21:46:50 | INFO     | OrderManager    | Order #176: BUY 10 AAPL @ 100
21:46:50 | INFO     | OrderManager    | Order #177: BUY 10 AAPL @ 100
21:46:53 | INFO     | OrderManager    | Order #178: BUY 10 AAPL @ 100
21:46:53 | INFO     | OrderManager    | Order #179: BUY 10 AAPL @ 100
21:46:53 | INFO     | OrderManager    | Order #180: BUY 10 AAPL @ 100
21:46:56 | INFO     | OrderManager    | Order #181: BUY 10 AAPL @ 100
21:46:56 | INFO     | OrderManager    | Order #182: BUY 10 AAPL @ 100
21:46:56 | INFO     | OrderManager    | Order #183: BUY 10 AAPL @ 100
21:46:59 | INFO     | OrderManager    | Order #184: BUY 10 AAPL @ 100
21:46:59 | INFO     | OrderManager    | Order #185: BUY 10 AAPL @ 100
21:46:59 | INFO     | OrderManager    | Order #186: BUY 10 AAPL @ 100
21:47:02 | INFO     | OrderManager    | Order #187: BUY 10 AAPL @ 100
21:47:02 | INFO     | OrderManager    | Order #188: BUY 10 AAPL @ 100
21:47:02 | INFO     | OrderManager    | Order #189: BUY 10 AAPL @ 100
21:47:05 | INFO     | OrderManager    | Order #190: BUY 10 AAPL @ 100
21:47:05 | INFO     | OrderManager    | Order #191: BUY 10 AAPL @ 100
21:47:05 | INFO     | OrderManager    | Order #192: BUY 10 AAPL @ 100
21:47:08 | INFO     | OrderManager    | Order #193: BUY 10 AAPL @ 100
21:47:08 | INFO     | OrderManager    | Order #194: BUY 10 AAPL @ 100
21:47:08 | INFO     | OrderManager    | Order #195: BUY 10 AAPL @ 100
21:47:11 | INFO     | OrderManager    | Order #196: BUY 10 AAPL @ 100
21:47:11 | INFO     | OrderManager    | Order #197: BUY 10 AAPL @ 100
21:47:11 | INFO     | OrderManager    | Order #198: BUY 10 AAPL @ 100
21:47:14 | INFO     | OrderManager    | Order #199: BUY 10 AAPL @ 100
21:47:14 | INFO     | OrderManager    | Order #200: BUY 10 AAPL @ 100
21:47:14 | INFO     | OrderManager    | Order #201: BUY 10 AAPL @ 100
21:47:17 | INFO     | OrderManager    | Order #202: BUY 10 AAPL @ 100
21:47:17 | INFO     | OrderManager    | Order #203: BUY 10 AAPL @ 100
21:47:17 | INFO     | OrderManager    | Order #204: BUY 10 AAPL @ 100
21:47:20 | INFO     | OrderManager    | Order #205: BUY 10 AAPL @ 100
21:47:20 | INFO     | OrderManager    | Order #206: BUY 10 AAPL @ 100
21:47:20 | INFO     | OrderManager    | Order #207: BUY 10 AAPL @ 100
21:47:23 | INFO     | OrderManager    | Order #208: BUY 10 AAPL @ 100
21:47:23 | INFO     | OrderManager    | Order #209: BUY 10 AAPL @ 100
21:47:23 | INFO     | OrderManager    | Order #210: BUY 10 AAPL @ 100
21:47:26 | INFO     | OrderManager    | Order #211: BUY 10 AAPL @ 100
21:47:26 | INFO     | OrderManager    | Order #212: BUY 10 AAPL @ 100
21:47:26 | INFO     | OrderManager    | Order #213: BUY 10 AAPL @ 100
21:47:29 | INFO     | OrderManager    | Order #214: BUY 10 AAPL @ 100
21:47:29 | INFO     | OrderManager    | Order #215: BUY 10 AAPL @ 100
21:47:29 | INFO     | OrderManager    | Order #216: BUY 10 AAPL @ 100
21:47:32 | INFO     | OrderManager    | Order #217: BUY 10 AAPL @ 100
21:47:32 | INFO     | OrderManager    | Order #218: BUY 10 AAPL @ 100
21:47:32 | INFO     | OrderManager    | Order #219: BUY 10 AAPL @ 100
21:47:35 | INFO     | OrderManager    | Order #220: BUY 10 AAPL @ 100
21:47:35 | INFO     | OrderManager    | Order #221: BUY 10 AAPL @ 100
21:47:35 | INFO     | OrderManager    | Order #222: BUY 10 AAPL @ 100
21:47:38 | INFO     | OrderManager    | Order #223: BUY 10 AAPL @ 100
21:47:38 | INFO     | OrderManager    | Order #224: BUY 10 AAPL @ 100
21:47:38 | INFO     | OrderManager    | Order #225: BUY 10 AAPL @ 100
21:47:41 | INFO     | OrderManager    | Order #226: BUY 10 AAPL @ 100
21:47:41 | INFO     | OrderManager    | Order #227: BUY 10 AAPL @ 100
21:47:41 | INFO     | OrderManager    | Order #228: BUY 10 AAPL @ 100
21:47:44 | INFO     | OrderManager    | Order #229: BUY 10 AAPL @ 100
21:47:44 | INFO     | OrderManager    | Order #230: BUY 10 AAPL @ 100
21:47:44 | INFO     | OrderManager    | Order #231: BUY 10 AAPL @ 100
21:47:47 | INFO     | OrderManager    | Order #232: BUY 10 AAPL @ 100
21:47:47 | INFO     | OrderManager    | Order #233: BUY 10 AAPL @ 100
21:47:47 | INFO     | OrderManager    | Order #234: BUY 10 AAPL @ 100
21:47:50 | INFO     | OrderManager    | Order #235: BUY 10 AAPL @ 100
21:47:50 | INFO     | OrderManager    | Order #236: BUY 10 AAPL @ 100
21:47:50 | INFO     | OrderManager    | Order #237: BUY 10 AAPL @ 100
21:47:53 | INFO     | OrderManager    | Order #238: BUY 10 AAPL @ 100
21:47:53 | INFO     | OrderManager    | Order #239: BUY 10 AAPL @ 100
21:47:53 | INFO     | OrderManager    | Order #240: BUY 10 AAPL @ 100
21:47:56 | INFO     | OrderManager    | Order #241: BUY 10 AAPL @ 100
21:47:56 | INFO     | OrderManager    | Order #242: BUY 10 AAPL @ 100
21:47:56 | INFO     | OrderManager    | Order #243: BUY 10 AAPL @ 100
21:47:59 | INFO     | OrderManager    | Order #244: BUY 10 AAPL @ 100
21:47:59 | INFO     | OrderManager    | Order #245: BUY 10 AAPL @ 100
21:47:59 | INFO     | OrderManager    | Order #246: BUY 10 AAPL @ 100
21:48:02 | INFO     | OrderManager    | Order #247: BUY 10 AAPL @ 100
21:48:02 | INFO     | OrderManager    | Order #248: BUY 10 AAPL @ 100
21:48:02 | INFO     | OrderManager    | Order #249: BUY 10 AAPL @ 100
21:48:05 | INFO     | OrderManager    | Order #250: BUY 10 AAPL @ 100
21:48:05 | INFO     | OrderManager    | Order #251: BUY 10 AAPL @ 100
21:48:05 | INFO     | OrderManager    | Order #252: BUY 10 AAPL @ 100
21:48:08 | INFO     | OrderManager    | Order #253: BUY 10 AAPL @ 100
21:48:08 | INFO     | OrderManager    | Order #254: BUY 10 AAPL @ 100
21:48:08 | INFO     | OrderManager    | Order #255: BUY 10 AAPL @ 100
21:48:11 | INFO     | OrderManager    | Order #256: BUY 10 AAPL @ 100
21:48:11 | INFO     | OrderManager    | Order #257: BUY 10 AAPL @ 100
21:48:11 | INFO     | OrderManager    | Order #258: BUY 10 AAPL @ 100
21:48:11 | INFO     | Gateway         | Gateway shutdown requested
21:48:11 | INFO     | Strategy        | Strategy main loop terminated
22:19:45 | INFO     | Gateway         | PriceStream: Stream started on 127.0.0.1:9999
22:19:45 | INFO     | Gateway         | Running two streams: prices (9999) and sentiment (9998)
22:19:45 | INFO     | Gateway         | NewsStream: Stream started on 127.0.0.1:9998
22:19:46 | INFO     | OrderBook       | Connected to price feed at 127.0.0.1:9999
22:19:46 | INFO     | Gateway         | PriceStream: Client connected from ('127.0.0.1', 60755)
22:19:47 | INFO     | Strategy        | Strategy started, waiting for order manager connection...
22:19:47 | INFO     | Strategy        | Connected to news stream at 127.0.0.1:9998
22:19:47 | INFO     | Gateway         | NewsStream: Client connected from ('127.0.0.1', 60759)
22:19:47 | INFO     | Strategy        | Listening for order manager on 127.0.0.1:9997
22:19:48 | INFO     | OrderManager    | Order manager starting, connecting to 127.0.0.1:9997
22:19:48 | INFO     | OrderManager    | Connected to strategy at 127.0.0.1:9997
22:19:48 | INFO     | Strategy        | Order manager connected from ('127.0.0.1', 60761)
22:19:48 | INFO     | OrderManager    | Order #1: BUY 10 AAPL @ 100
22:19:48 | INFO     | OrderManager    | Order #2: BUY 10 AAPL @ 100
22:19:48 | INFO     | OrderManager    | Order #3: BUY 10 AAPL @ 100
22:19:49 | INFO     | OrderManager    | Order #4: BUY 10 AAPL @ 100
22:19:49 | INFO     | OrderManager    | Order #5: BUY 10 AAPL @ 100
22:19:49 | INFO     | OrderManager    | Order #6: BUY 10 AAPL @ 100
22:19:49 | INFO     | OrderManager    | Order #7: BUY 10 AAPL @ 100
22:19:49 | INFO     | OrderManager    | Order #8: BUY 10 AAPL @ 100
22:19:49 | INFO     | OrderManager    | Order #9: BUY 10 AAPL @ 100
22:19:49 | INFO     | OrderManager    | Order #10: BUY 10 AAPL @ 100
22:19:49 | INFO     | OrderManager    | Order #11: BUY 10 AAPL @ 100
22:19:49 | INFO     | OrderManager    | Order #12: BUY 10 AAPL @ 100
22:19:49 | INFO     | OrderManager    | Order #13: BUY 10 AAPL @ 100
22:19:49 | INFO     | OrderManager    | Order #14: BUY 10 AAPL @ 100
22:19:49 | INFO     | OrderManager    | Order #15: BUY 10 AAPL @ 100
22:19:49 | INFO     | OrderManager    | Order #16: BUY 10 AAPL @ 100
22:19:49 | INFO     | OrderManager    | Order #17: BUY 10 AAPL @ 100
22:19:49 | INFO     | OrderManager    | Order #18: BUY 10 AAPL @ 100
22:19:49 | INFO     | OrderManager    | Order #19: BUY 10 AAPL @ 100
22:19:49 | INFO     | OrderManager    | Order #20: BUY 10 AAPL @ 100
22:19:49 | INFO     | OrderManager    | Order #21: BUY 10 AAPL @ 100
22:19:49 | INFO     | OrderManager    | Order #22: BUY 10 AAPL @ 100
22:19:49 | INFO     | OrderManager    | Order #23: BUY 10 AAPL @ 100
22:19:49 | INFO     | OrderManager    | Order #24: BUY 10 AAPL @ 100
22:19:49 | INFO     | OrderManager    | Order #25: BUY 10 AAPL @ 100
22:19:49 | INFO     | OrderManager    | Order #26: BUY 10 AAPL @ 100
22:19:49 | INFO     | OrderManager    | Order #27: BUY 10 AAPL @ 100
22:19:49 | INFO     | OrderManager    | Order #28: BUY 10 AAPL @ 100
22:19:49 | INFO     | OrderManager    | Order #29: BUY 10 AAPL @ 100
22:19:49 | INFO     | OrderManager    | Order #30: BUY 10 AAPL @ 100
22:19:49 | INFO     | OrderManager    | Order #31: BUY 10 AAPL @ 100
22:19:49 | INFO     | OrderManager    | Order #32: BUY 10 AAPL @ 100
22:19:49 | INFO     | OrderManager    | Order #33: BUY 10 AAPL @ 100
22:19:50 | INFO     | OrderManager    | Order #34: BUY 10 AAPL @ 100
22:19:50 | INFO     | OrderManager    | Order #35: BUY 10 AAPL @ 100
22:19:50 | INFO     | OrderManager    | Order #36: BUY 10 AAPL @ 100
22:19:50 | INFO     | OrderManager    | Order #37: BUY 10 AAPL @ 100
22:19:50 | INFO     | OrderManager    | Order #38: BUY 10 AAPL @ 100
22:19:50 | INFO     | OrderManager    | Order #39: BUY 10 AAPL @ 100
22:19:50 | INFO     | OrderManager    | Order #40: BUY 10 AAPL @ 100
22:19:50 | INFO     | OrderManager    | Order #41: BUY 10 AAPL @ 100
22:19:50 | INFO     | OrderManager    | Order #42: BUY 10 AAPL @ 100
22:19:50 | INFO     | OrderManager    | Order #43: BUY 10 AAPL @ 100
22:19:50 | INFO     | OrderManager    | Order #44: BUY 10 AAPL @ 100
22:19:50 | INFO     | OrderManager    | Order #45: BUY 10 AAPL @ 100
22:19:50 | INFO     | OrderManager    | Order #46: BUY 10 AAPL @ 100
22:19:50 | INFO     | OrderManager    | Order #47: BUY 10 AAPL @ 100
22:19:50 | INFO     | OrderManager    | Order #48: BUY 10 AAPL @ 100
22:19:50 | INFO     | OrderManager    | Order #49: BUY 10 AAPL @ 100
22:19:50 | INFO     | OrderManager    | Order #50: BUY 10 AAPL @ 100
22:19:50 | INFO     | OrderManager    | Order #51: BUY 10 AAPL @ 100
22:19:50 | INFO     | OrderManager    | Order #52: BUY 10 AAPL @ 100
22:19:50 | INFO     | OrderManager    | Order #53: BUY 10 AAPL @ 100
22:19:50 | INFO     | OrderManager    | Order #54: BUY 10 AAPL @ 100
22:19:50 | INFO     | OrderManager    | Order #55: BUY 10 AAPL @ 100
22:19:50 | INFO     | OrderManager    | Order #56: BUY 10 AAPL @ 100
22:19:50 | INFO     | OrderManager    | Order #57: BUY 10 AAPL @ 100
22:19:50 | INFO     | OrderManager    | Order #58: BUY 10 AAPL @ 100
22:19:50 | INFO     | OrderManager    | Order #59: BUY 10 AAPL @ 100
22:19:50 | INFO     | OrderManager    | Order #60: BUY 10 AAPL @ 100
22:19:51 | INFO     | OrderManager    | Order #61: BUY 10 AAPL @ 100
22:19:51 | INFO     | OrderManager    | Order #62: BUY 10 AAPL @ 100
22:19:51 | INFO     | OrderManager    | Order #63: BUY 10 AAPL @ 100
22:19:51 | INFO     | OrderManager    | Order #64: BUY 10 AAPL @ 100
22:19:51 | INFO     | OrderManager    | Order #65: BUY 10 AAPL @ 100
22:19:51 | INFO     | OrderManager    | Order #66: BUY 10 AAPL @ 100
22:19:51 | INFO     | OrderManager    | Order #67: BUY 10 AAPL @ 100
22:19:51 | INFO     | OrderManager    | Order #68: BUY 10 AAPL @ 100
22:19:51 | INFO     | OrderManager    | Order #69: BUY 10 AAPL @ 100
22:19:51 | INFO     | OrderManager    | Order #70: BUY 10 AAPL @ 100
22:19:51 | INFO     | OrderManager    | Order #71: BUY 10 AAPL @ 100
22:19:51 | INFO     | OrderManager    | Order #72: BUY 10 AAPL @ 100
22:19:51 | INFO     | OrderManager    | Order #73: BUY 10 AAPL @ 100
22:19:51 | INFO     | OrderManager    | Order #74: BUY 10 AAPL @ 100
22:19:51 | INFO     | OrderManager    | Order #75: BUY 10 AAPL @ 100
22:19:51 | INFO     | OrderManager    | Order #76: BUY 10 AAPL @ 100
22:19:51 | INFO     | OrderManager    | Order #77: BUY 10 AAPL @ 100
22:19:51 | INFO     | OrderManager    | Order #78: BUY 10 AAPL @ 100
22:19:51 | INFO     | OrderManager    | Order #79: BUY 10 AAPL @ 100
22:19:51 | INFO     | OrderManager    | Order #80: BUY 10 AAPL @ 100
22:19:51 | INFO     | OrderManager    | Order #81: BUY 10 AAPL @ 100
22:19:51 | INFO     | OrderManager    | Order #82: BUY 10 AAPL @ 100
22:19:51 | INFO     | OrderManager    | Order #83: BUY 10 AAPL @ 100
22:19:51 | INFO     | OrderManager    | Order #84: BUY 10 AAPL @ 100
22:19:51 | INFO     | OrderManager    | Order #85: BUY 10 AAPL @ 100
22:19:51 | INFO     | OrderManager    | Order #86: BUY 10 AAPL @ 100
22:19:51 | INFO     | OrderManager    | Order #87: BUY 10 AAPL @ 100
22:19:51 | INFO     | OrderManager    | Order #88: BUY 10 AAPL @ 100
22:19:51 | INFO     | OrderManager    | Order #89: BUY 10 AAPL @ 100
22:19:51 | INFO     | OrderManager    | Order #90: BUY 10 AAPL @ 100
22:19:52 | INFO     | OrderManager    | Order #91: BUY 10 AAPL @ 100
22:19:52 | INFO     | OrderManager    | Order #92: BUY 10 AAPL @ 100
22:19:52 | INFO     | OrderManager    | Order #93: BUY 10 AAPL @ 100
22:19:52 | INFO     | OrderManager    | Order #94: BUY 10 AAPL @ 100
22:19:52 | INFO     | OrderManager    | Order #95: BUY 10 AAPL @ 100
22:19:52 | INFO     | OrderManager    | Order #96: BUY 10 AAPL @ 100
22:19:52 | INFO     | OrderManager    | Order #97: BUY 10 AAPL @ 100
22:19:52 | INFO     | OrderManager    | Order #98: BUY 10 AAPL @ 100
22:19:52 | INFO     | OrderManager    | Order #99: BUY 10 AAPL @ 100
22:19:52 | INFO     | OrderManager    | Order #100: BUY 10 AAPL @ 100
22:19:52 | INFO     | OrderManager    | Order #101: BUY 10 AAPL @ 100
22:19:52 | INFO     | OrderManager    | Order #102: BUY 10 AAPL @ 100
22:19:52 | INFO     | OrderManager    | Order #103: BUY 10 AAPL @ 100
22:19:52 | INFO     | OrderManager    | Order #104: BUY 10 AAPL @ 100
22:19:52 | INFO     | OrderManager    | Order #105: BUY 10 AAPL @ 100
22:19:52 | INFO     | OrderManager    | Order #106: BUY 10 AAPL @ 100
22:19:52 | INFO     | OrderManager    | Order #107: BUY 10 AAPL @ 100
22:19:52 | INFO     | OrderManager    | Order #108: BUY 10 AAPL @ 100
22:19:52 | INFO     | OrderManager    | Order #109: BUY 10 AAPL @ 100
22:19:52 | INFO     | OrderManager    | Order #110: BUY 10 AAPL @ 100
22:19:52 | INFO     | OrderManager    | Order #111: BUY 10 AAPL @ 100
22:19:52 | INFO     | OrderManager    | Order #112: BUY 10 AAPL @ 100
22:19:52 | INFO     | OrderManager    | Order #113: BUY 10 AAPL @ 100
22:19:52 | INFO     | OrderManager    | Order #114: BUY 10 AAPL @ 100
22:19:52 | INFO     | OrderManager    | Order #115: BUY 10 AAPL @ 100
22:19:52 | INFO     | OrderManager    | Order #116: BUY 10 AAPL @ 100
22:19:52 | INFO     | OrderManager    | Order #117: BUY 10 AAPL @ 100
22:19:52 | INFO     | OrderManager    | Order #118: BUY 10 AAPL @ 100
22:19:52 | INFO     | OrderManager    | Order #119: BUY 10 AAPL @ 100
22:19:52 | INFO     | OrderManager    | Order #120: BUY 10 AAPL @ 100
22:19:53 | INFO     | OrderManager    | Order #121: BUY 10 AAPL @ 100
22:19:53 | INFO     | OrderManager    | Order #122: BUY 10 AAPL @ 100
22:19:53 | INFO     | OrderManager    | Order #123: BUY 10 AAPL @ 100
22:19:53 | INFO     | OrderManager    | Order #124: BUY 10 AAPL @ 100
22:19:53 | INFO     | OrderManager    | Order #125: BUY 10 AAPL @ 100
22:19:53 | INFO     | OrderManager    | Order #126: BUY 10 AAPL @ 100
22:19:53 | INFO     | OrderManager    | Order #127: BUY 10 AAPL @ 100
22:19:53 | INFO     | OrderManager    | Order #128: BUY 10 AAPL @ 100
22:19:53 | INFO     | OrderManager    | Order #129: BUY 10 AAPL @ 100
22:19:53 | INFO     | OrderManager    | Order #130: BUY 10 AAPL @ 100
22:19:53 | INFO     | OrderManager    | Order #131: BUY 10 AAPL @ 100
22:19:53 | INFO     | OrderManager    | Order #132: BUY 10 AAPL @ 100
22:19:53 | INFO     | OrderManager    | Order #133: BUY 10 AAPL @ 100
22:19:53 | INFO     | OrderManager    | Order #134: BUY 10 AAPL @ 100
22:19:53 | INFO     | OrderManager    | Order #135: BUY 10 AAPL @ 100
22:19:53 | INFO     | OrderManager    | Order #136: BUY 10 AAPL @ 100
22:19:53 | INFO     | OrderManager    | Order #137: BUY 10 AAPL @ 100
22:19:53 | INFO     | OrderManager    | Order #138: BUY 10 AAPL @ 100
22:19:53 | INFO     | OrderManager    | Order #139: BUY 10 AAPL @ 100
22:19:53 | INFO     | OrderManager    | Order #140: BUY 10 AAPL @ 100
22:19:53 | INFO     | OrderManager    | Order #141: BUY 10 AAPL @ 100
22:19:53 | INFO     | OrderManager    | Order #142: BUY 10 AAPL @ 100
22:19:53 | INFO     | OrderManager    | Order #143: BUY 10 AAPL @ 100
22:19:53 | INFO     | OrderManager    | Order #144: BUY 10 AAPL @ 100
22:19:53 | INFO     | OrderManager    | Order #145: BUY 10 AAPL @ 100
22:19:53 | INFO     | OrderManager    | Order #146: BUY 10 AAPL @ 100
22:19:53 | INFO     | OrderManager    | Order #147: BUY 10 AAPL @ 100
22:19:54 | INFO     | OrderManager    | Order #148: BUY 10 AAPL @ 100
22:19:54 | INFO     | OrderManager    | Order #149: BUY 10 AAPL @ 100
22:19:54 | INFO     | OrderManager    | Order #150: BUY 10 AAPL @ 100
22:19:54 | INFO     | OrderManager    | Order #151: BUY 10 AAPL @ 100
22:19:54 | INFO     | OrderManager    | Order #152: BUY 10 AAPL @ 100
22:19:54 | INFO     | OrderManager    | Order #153: BUY 10 AAPL @ 100
22:19:54 | INFO     | OrderManager    | Order #154: BUY 10 AAPL @ 100
22:19:54 | INFO     | OrderManager    | Order #155: BUY 10 AAPL @ 100
22:19:54 | INFO     | OrderManager    | Order #156: BUY 10 AAPL @ 100
22:19:54 | INFO     | OrderManager    | Order #157: BUY 10 AAPL @ 100
22:19:54 | INFO     | OrderManager    | Order #158: BUY 10 AAPL @ 100
22:19:54 | INFO     | OrderManager    | Order #159: BUY 10 AAPL @ 100
22:19:54 | INFO     | OrderManager    | Order #160: BUY 10 AAPL @ 100
22:19:54 | INFO     | OrderManager    | Order #161: BUY 10 AAPL @ 100
22:19:54 | INFO     | OrderManager    | Order #162: BUY 10 AAPL @ 100
22:19:54 | INFO     | OrderManager    | Order #163: BUY 10 AAPL @ 100
22:19:54 | INFO     | OrderManager    | Order #164: BUY 10 AAPL @ 100
22:19:54 | INFO     | OrderManager    | Order #165: BUY 10 AAPL @ 100
22:19:54 | INFO     | OrderManager    | Order #166: BUY 10 AAPL @ 100
22:19:54 | INFO     | OrderManager    | Order #167: BUY 10 AAPL @ 100
22:19:54 | INFO     | OrderManager    | Order #168: BUY 10 AAPL @ 100
22:19:54 | INFO     | OrderManager    | Order #169: BUY 10 AAPL @ 100
22:19:54 | INFO     | OrderManager    | Order #170: BUY 10 AAPL @ 100
22:19:54 | INFO     | OrderManager    | Order #171: BUY 10 AAPL @ 100
22:19:54 | INFO     | OrderManager    | Order #172: BUY 10 AAPL @ 100
22:19:54 | INFO     | OrderManager    | Order #173: BUY 10 AAPL @ 100
22:19:54 | INFO     | OrderManager    | Order #174: BUY 10 AAPL @ 100
22:19:54 | INFO     | OrderManager    | Order #175: BUY 10 AAPL @ 100
22:19:54 | INFO     | OrderManager    | Order #176: BUY 10 AAPL @ 100
22:19:54 | INFO     | OrderManager    | Order #177: BUY 10 AAPL @ 100
22:19:55 | INFO     | OrderManager    | Order #178: BUY 10 AAPL @ 100
22:19:55 | INFO     | OrderManager    | Order #179: BUY 10 AAPL @ 100
22:19:55 | INFO     | OrderManager    | Order #180: BUY 10 AAPL @ 100
22:19:55 | INFO     | OrderManager    | Order #181: BUY 10 AAPL @ 100
22:19:55 | INFO     | OrderManager    | Order #182: BUY 10 AAPL @ 100
22:19:55 | INFO     | OrderManager    | Order #183: BUY 10 AAPL @ 100
22:19:55 | INFO     | OrderManager    | Order #184: BUY 10 AAPL @ 100
22:19:55 | INFO     | OrderManager    | Order #185: BUY 10 AAPL @ 100
22:19:55 | INFO     | OrderManager    | Order #186: BUY 10 AAPL @ 100
22:19:55 | INFO     | OrderManager    | Order #187: BUY 10 AAPL @ 100
22:19:55 | INFO     | OrderManager    | Order #188: BUY 10 AAPL @ 100
22:19:55 | INFO     | OrderManager    | Order #189: BUY 10 AAPL @ 100
22:19:55 | INFO     | OrderManager    | Order #190: BUY 10 AAPL @ 100
22:19:55 | INFO     | OrderManager    | Order #191: BUY 10 AAPL @ 100
22:19:55 | INFO     | OrderManager    | Order #192: BUY 10 AAPL @ 100
22:19:55 | INFO     | OrderManager    | Order #193: BUY 10 AAPL @ 100
22:19:55 | INFO     | OrderManager    | Order #194: BUY 10 AAPL @ 100
22:19:55 | INFO     | OrderManager    | Order #195: BUY 10 AAPL @ 100
22:19:55 | INFO     | OrderManager    | Order #196: BUY 10 AAPL @ 100
22:19:55 | INFO     | OrderManager    | Order #197: BUY 10 AAPL @ 100
22:19:55 | INFO     | OrderManager    | Order #198: BUY 10 AAPL @ 100
22:19:55 | INFO     | OrderManager    | Order #199: BUY 10 AAPL @ 100
22:19:55 | INFO     | OrderManager    | Order #200: BUY 10 AAPL @ 100
22:19:55 | INFO     | OrderManager    | Order #201: BUY 10 AAPL @ 100
22:19:55 | INFO     | OrderManager    | Order #202: BUY 10 AAPL @ 100
22:19:55 | INFO     | OrderManager    | Order #203: BUY 10 AAPL @ 100
22:19:55 | INFO     | OrderManager    | Order #204: BUY 10 AAPL @ 100
22:19:55 | INFO     | OrderManager    | Order #205: BUY 10 AAPL @ 100
22:19:55 | INFO     | OrderManager    | Order #206: BUY 10 AAPL @ 100
22:19:55 | INFO     | OrderManager    | Order #207: BUY 10 AAPL @ 100
22:19:56 | INFO     | OrderManager    | Order #208: BUY 10 AAPL @ 100
22:19:56 | INFO     | OrderManager    | Order #209: BUY 10 AAPL @ 100
22:19:56 | INFO     | OrderManager    | Order #210: BUY 10 AAPL @ 100
22:19:56 | INFO     | OrderManager    | Order #211: BUY 10 AAPL @ 100
22:19:56 | INFO     | OrderManager    | Order #212: BUY 10 AAPL @ 100
22:19:56 | INFO     | OrderManager    | Order #213: BUY 10 AAPL @ 100
22:19:56 | INFO     | OrderManager    | Order #214: BUY 10 AAPL @ 100
22:19:56 | INFO     | OrderManager    | Order #215: BUY 10 AAPL @ 100
22:19:56 | INFO     | OrderManager    | Order #216: BUY 10 AAPL @ 100
22:19:56 | INFO     | OrderManager    | Order #217: BUY 10 AAPL @ 100
22:19:56 | INFO     | OrderManager    | Order #218: BUY 10 AAPL @ 100
22:19:56 | INFO     | OrderManager    | Order #219: BUY 10 AAPL @ 100
22:19:56 | INFO     | OrderManager    | Order #220: BUY 10 AAPL @ 100
22:19:56 | INFO     | OrderManager    | Order #221: BUY 10 AAPL @ 100
22:19:56 | INFO     | OrderManager    | Order #222: BUY 10 AAPL @ 100
22:19:56 | INFO     | OrderManager    | Order #223: BUY 10 AAPL @ 100
22:19:56 | INFO     | OrderManager    | Order #224: BUY 10 AAPL @ 100
22:19:56 | INFO     | OrderManager    | Order #225: BUY 10 AAPL @ 100
22:19:56 | INFO     | OrderManager    | Order #226: BUY 10 AAPL @ 100
22:19:56 | INFO     | OrderManager    | Order #227: BUY 10 AAPL @ 100
22:19:56 | INFO     | OrderManager    | Order #228: BUY 10 AAPL @ 100
22:19:56 | INFO     | OrderManager    | Order #229: BUY 10 AAPL @ 100
22:19:56 | INFO     | OrderManager    | Order #230: BUY 10 AAPL @ 100
22:19:56 | INFO     | OrderManager    | Order #231: BUY 10 AAPL @ 100
22:19:56 | INFO     | OrderManager    | Order #232: BUY 10 AAPL @ 100
22:19:56 | INFO     | OrderManager    | Order #233: BUY 10 AAPL @ 100
22:19:56 | INFO     | OrderManager    | Order #234: BUY 10 AAPL @ 100
22:19:57 | INFO     | OrderManager    | Order #235: BUY 10 AAPL @ 100
22:19:57 | INFO     | OrderManager    | Order #236: BUY 10 AAPL @ 100
22:19:57 | INFO     | OrderManager    | Order #237: BUY 10 AAPL @ 100
22:19:57 | INFO     | OrderManager    | Order #238: BUY 10 AAPL @ 100
22:19:57 | INFO     | OrderManager    | Order #239: BUY 10 AAPL @ 100
22:19:57 | INFO     | OrderManager    | Order #240: BUY 10 AAPL @ 100
22:19:57 | INFO     | OrderManager    | Order #241: BUY 10 AAPL @ 100
22:19:57 | INFO     | OrderManager    | Order #242: BUY 10 AAPL @ 100
22:19:57 | INFO     | OrderManager    | Order #243: BUY 10 AAPL @ 100
22:19:57 | INFO     | OrderManager    | Order #244: BUY 10 AAPL @ 100
22:19:57 | INFO     | OrderManager    | Order #245: BUY 10 AAPL @ 100
22:19:57 | INFO     | OrderManager    | Order #246: BUY 10 AAPL @ 100
22:19:57 | INFO     | OrderManager    | Order #247: BUY 10 AAPL @ 100
22:19:57 | INFO     | OrderManager    | Order #248: BUY 10 AAPL @ 100
22:19:57 | INFO     | OrderManager    | Order #249: BUY 10 AAPL @ 100
22:19:57 | INFO     | OrderManager    | Order #250: BUY 10 AAPL @ 100
22:19:57 | INFO     | OrderManager    | Order #251: BUY 10 AAPL @ 100
22:19:57 | INFO     | OrderManager    | Order #252: BUY 10 AAPL @ 100
22:19:57 | INFO     | OrderManager    | Order #253: BUY 10 AAPL @ 100
22:19:57 | INFO     | OrderManager    | Order #254: BUY 10 AAPL @ 100
22:19:57 | INFO     | OrderManager    | Order #255: BUY 10 AAPL @ 100
22:19:57 | INFO     | OrderManager    | Order #256: BUY 10 AAPL @ 100
22:19:57 | INFO     | OrderManager    | Order #257: BUY 10 AAPL @ 100
22:19:57 | INFO     | OrderManager    | Order #258: BUY 10 AAPL @ 100
22:19:57 | INFO     | OrderManager    | Order #259: BUY 10 AAPL @ 100
22:19:57 | INFO     | OrderManager    | Order #260: BUY 10 AAPL @ 100
22:19:57 | INFO     | OrderManager    | Order #261: BUY 10 AAPL @ 100
22:19:57 | INFO     | OrderManager    | Order #262: BUY 10 AAPL @ 100
22:19:57 | INFO     | OrderManager    | Order #263: BUY 10 AAPL @ 100
22:19:57 | INFO     | OrderManager    | Order #264: BUY 10 AAPL @ 100
22:19:58 | INFO     | OrderManager    | Order #265: BUY 10 AAPL @ 100
22:19:58 | INFO     | OrderManager    | Order #266: BUY 10 AAPL @ 100
22:19:58 | INFO     | OrderManager    | Order #267: BUY 10 AAPL @ 100
22:19:58 | INFO     | OrderManager    | Order #268: BUY 10 AAPL @ 100
22:19:58 | INFO     | OrderManager    | Order #269: BUY 10 AAPL @ 100
22:19:58 | INFO     | OrderManager    | Order #270: BUY 10 AAPL @ 100
22:19:58 | INFO     | OrderManager    | Order #271: BUY 10 AAPL @ 100
22:19:58 | INFO     | OrderManager    | Order #272: BUY 10 AAPL @ 100
22:19:58 | INFO     | OrderManager    | Order #273: BUY 10 AAPL @ 100
22:19:58 | INFO     | OrderManager    | Order #274: BUY 10 AAPL @ 100
22:19:58 | INFO     | OrderManager    | Order #275: BUY 10 AAPL @ 100
22:19:58 | INFO     | OrderManager    | Order #276: BUY 10 AAPL @ 100
22:19:58 | INFO     | OrderManager    | Order #277: BUY 10 AAPL @ 100
22:19:58 | INFO     | OrderManager    | Order #278: BUY 10 AAPL @ 100
22:19:58 | INFO     | OrderManager    | Order #279: BUY 10 AAPL @ 100
22:19:58 | INFO     | OrderManager    | Order #280: BUY 10 AAPL @ 100
22:19:58 | INFO     | OrderManager    | Order #281: BUY 10 AAPL @ 100
22:19:58 | INFO     | OrderManager    | Order #282: BUY 10 AAPL @ 100
22:19:58 | INFO     | OrderManager    | Order #283: BUY 10 AAPL @ 100
22:19:58 | INFO     | OrderManager    | Order #284: BUY 10 AAPL @ 100
22:19:58 | INFO     | OrderManager    | Order #285: BUY 10 AAPL @ 100
22:19:58 | INFO     | OrderManager    | Order #286: BUY 10 AAPL @ 100
22:19:58 | INFO     | OrderManager    | Order #287: BUY 10 AAPL @ 100
22:19:58 | INFO     | OrderManager    | Order #288: BUY 10 AAPL @ 100
22:19:58 | INFO     | OrderManager    | Order #289: BUY 10 AAPL @ 100
22:19:58 | INFO     | OrderManager    | Order #290: BUY 10 AAPL @ 100
22:19:58 | INFO     | OrderManager    | Order #291: BUY 10 AAPL @ 100
22:19:59 | INFO     | OrderManager    | Order #292: BUY 10 AAPL @ 100
22:19:59 | INFO     | OrderManager    | Order #293: BUY 10 AAPL @ 100
22:19:59 | INFO     | OrderManager    | Order #294: BUY 10 AAPL @ 100
22:19:59 | INFO     | OrderManager    | Order #295: BUY 10 AAPL @ 100
22:19:59 | INFO     | OrderManager    | Order #296: BUY 10 AAPL @ 100
22:19:59 | INFO     | OrderManager    | Order #297: BUY 10 AAPL @ 100
22:19:59 | INFO     | OrderManager    | Order #298: BUY 10 AAPL @ 100
22:19:59 | INFO     | OrderManager    | Order #299: BUY 10 AAPL @ 100
22:19:59 | INFO     | OrderManager    | Order #300: BUY 10 AAPL @ 100
22:19:59 | INFO     | OrderManager    | Order #301: BUY 10 AAPL @ 100
22:19:59 | INFO     | OrderManager    | Order #302: BUY 10 AAPL @ 100
22:19:59 | INFO     | OrderManager    | Order #303: BUY 10 AAPL @ 100
22:19:59 | INFO     | OrderManager    | Order #304: BUY 10 AAPL @ 100
22:19:59 | INFO     | OrderManager    | Order #305: BUY 10 AAPL @ 100
22:19:59 | INFO     | OrderManager    | Order #306: BUY 10 AAPL @ 100
22:19:59 | INFO     | OrderManager    | Order #307: BUY 10 AAPL @ 100
22:19:59 | INFO     | OrderManager    | Order #308: BUY 10 AAPL @ 100
22:19:59 | INFO     | OrderManager    | Order #309: BUY 10 AAPL @ 100
22:19:59 | INFO     | OrderManager    | Order #310: BUY 10 AAPL @ 100
22:19:59 | INFO     | OrderManager    | Order #311: BUY 10 AAPL @ 100
22:19:59 | INFO     | OrderManager    | Order #312: BUY 10 AAPL @ 100
22:19:59 | INFO     | OrderManager    | Order #313: BUY 10 AAPL @ 100
22:19:59 | INFO     | OrderManager    | Order #314: BUY 10 AAPL @ 100
22:19:59 | INFO     | OrderManager    | Order #315: BUY 10 AAPL @ 100
22:19:59 | INFO     | OrderManager    | Order #316: BUY 10 AAPL @ 100
22:19:59 | INFO     | OrderManager    | Order #317: BUY 10 AAPL @ 100
22:19:59 | INFO     | OrderManager    | Order #318: BUY 10 AAPL @ 100
22:19:59 | INFO     | OrderManager    | Order #319: BUY 10 AAPL @ 100
22:19:59 | INFO     | OrderManager    | Order #320: BUY 10 AAPL @ 100
22:19:59 | INFO     | OrderManager    | Order #321: BUY 10 AAPL @ 100
22:20:00 | INFO     | OrderManager    | Order #322: BUY 10 AAPL @ 100
22:20:00 | INFO     | OrderManager    | Order #323: BUY 10 AAPL @ 100
22:20:00 | INFO     | OrderManager    | Order #324: BUY 10 AAPL @ 100
22:20:00 | INFO     | OrderManager    | Order #325: BUY 10 AAPL @ 100
22:20:00 | INFO     | OrderManager    | Order #326: BUY 10 AAPL @ 100
22:20:00 | INFO     | OrderManager    | Order #327: BUY 10 AAPL @ 100
22:20:00 | INFO     | OrderManager    | Order #328: BUY 10 AAPL @ 100
22:20:00 | INFO     | OrderManager    | Order #329: BUY 10 AAPL @ 100
22:20:00 | INFO     | OrderManager    | Order #330: BUY 10 AAPL @ 100
22:20:00 | INFO     | OrderManager    | Order #331: BUY 10 AAPL @ 100
22:20:00 | INFO     | OrderManager    | Order #332: BUY 10 AAPL @ 100
22:20:00 | INFO     | OrderManager    | Order #333: BUY 10 AAPL @ 100
22:20:00 | INFO     | OrderManager    | Order #334: BUY 10 AAPL @ 100
22:20:00 | INFO     | OrderManager    | Order #335: BUY 10 AAPL @ 100
22:20:00 | INFO     | OrderManager    | Order #336: BUY 10 AAPL @ 100
22:20:00 | INFO     | OrderManager    | Order #337: BUY 10 AAPL @ 100
22:20:00 | INFO     | OrderManager    | Order #338: BUY 10 AAPL @ 100
22:20:00 | INFO     | OrderManager    | Order #339: BUY 10 AAPL @ 100
22:20:00 | INFO     | OrderManager    | Order #340: BUY 10 AAPL @ 100
22:20:00 | INFO     | OrderManager    | Order #341: BUY 10 AAPL @ 100
22:20:00 | INFO     | OrderManager    | Order #342: BUY 10 AAPL @ 100
22:20:00 | INFO     | OrderManager    | Order #343: BUY 10 AAPL @ 100
22:20:00 | INFO     | OrderManager    | Order #344: BUY 10 AAPL @ 100
22:20:00 | INFO     | OrderManager    | Order #345: BUY 10 AAPL @ 100
22:20:00 | INFO     | OrderManager    | Order #346: BUY 10 AAPL @ 100
22:20:00 | INFO     | OrderManager    | Order #347: BUY 10 AAPL @ 100
22:20:00 | INFO     | OrderManager    | Order #348: BUY 10 AAPL @ 100
22:20:00 | INFO     | OrderManager    | Order #349: BUY 10 AAPL @ 100
22:20:00 | INFO     | OrderManager    | Order #350: BUY 10 AAPL @ 100
22:20:00 | INFO     | OrderManager    | Order #351: BUY 10 AAPL @ 100
22:20:01 | INFO     | OrderManager    | Order #352: BUY 10 AAPL @ 100
22:20:01 | INFO     | OrderManager    | Order #353: BUY 10 AAPL @ 100
22:20:01 | INFO     | OrderManager    | Order #354: BUY 10 AAPL @ 100
22:20:01 | INFO     | OrderManager    | Order #355: BUY 10 AAPL @ 100
22:20:01 | INFO     | OrderManager    | Order #356: BUY 10 AAPL @ 100
22:20:01 | INFO     | OrderManager    | Order #357: BUY 10 AAPL @ 100
22:20:01 | INFO     | OrderManager    | Order #358: BUY 10 AAPL @ 100
22:20:01 | INFO     | OrderManager    | Order #359: BUY 10 AAPL @ 100
22:20:01 | INFO     | OrderManager    | Order #360: BUY 10 AAPL @ 100
22:20:01 | INFO     | OrderManager    | Order #361: BUY 10 AAPL @ 100
22:20:01 | INFO     | OrderManager    | Order #362: BUY 10 AAPL @ 100
22:20:01 | INFO     | OrderManager    | Order #363: BUY 10 AAPL @ 100
22:20:01 | INFO     | OrderManager    | Order #364: BUY 10 AAPL @ 100
22:20:01 | INFO     | OrderManager    | Order #365: BUY 10 AAPL @ 100
22:20:01 | INFO     | OrderManager    | Order #366: BUY 10 AAPL @ 100
22:20:01 | INFO     | OrderManager    | Order #367: BUY 10 AAPL @ 100
22:20:01 | INFO     | OrderManager    | Order #368: BUY 10 AAPL @ 100
22:20:01 | INFO     | OrderManager    | Order #369: BUY 10 AAPL @ 100
22:20:01 | INFO     | OrderManager    | Order #370: BUY 10 AAPL @ 100
22:20:01 | INFO     | OrderManager    | Order #371: BUY 10 AAPL @ 100
22:20:01 | INFO     | OrderManager    | Order #372: BUY 10 AAPL @ 100
22:20:01 | INFO     | OrderManager    | Order #373: BUY 10 AAPL @ 100
22:20:01 | INFO     | OrderManager    | Order #374: BUY 10 AAPL @ 100
22:20:01 | INFO     | OrderManager    | Order #375: BUY 10 AAPL @ 100
22:20:01 | INFO     | OrderManager    | Order #376: BUY 10 AAPL @ 100
22:20:01 | INFO     | OrderManager    | Order #377: BUY 10 AAPL @ 100
22:20:01 | INFO     | OrderManager    | Order #378: BUY 10 AAPL @ 100
22:20:02 | INFO     | Strategy        | Strategy main loop terminated
22:20:02 | INFO     | Gateway         | Gateway shutdown requested
22:20:18 | INFO     | Gateway         | PriceStream: Stream started on 127.0.0.1:9999
22:20:18 | INFO     | Gateway         | Running two streams: prices (9999) and sentiment (9998)
22:20:18 | INFO     | Gateway         | NewsStream: Stream started on 127.0.0.1:9998
22:20:19 | INFO     | Gateway         | PriceStream: Client connected from ('127.0.0.1', 60778)
22:20:19 | INFO     | OrderBook       | Connected to price feed at 127.0.0.1:9999
22:20:20 | INFO     | Strategy        | Strategy started, waiting for order manager connection...
22:20:20 | INFO     | Strategy        | Listening for order manager on 127.0.0.1:9997
22:20:20 | INFO     | Gateway         | NewsStream: Client connected from ('127.0.0.1', 60781)
22:20:20 | INFO     | Strategy        | Connected to news stream at 127.0.0.1:9998
22:20:21 | INFO     | OrderManager    | Order manager starting, connecting to 127.0.0.1:9997
22:20:21 | INFO     | OrderManager    | Connected to strategy at 127.0.0.1:9997
22:20:21 | INFO     | Strategy        | Order manager connected from ('127.0.0.1', 60783)
22:20:21 | INFO     | OrderManager    | Order #1: BUY 10 AAPL @ 100
22:20:21 | INFO     | OrderManager    | Order #2: BUY 10 AAPL @ 100
22:20:21 | INFO     | OrderManager    | Order #3: BUY 10 AAPL @ 100
22:20:22 | INFO     | OrderManager    | Order #4: BUY 10 AAPL @ 100
22:20:22 | INFO     | OrderManager    | Order #5: BUY 10 AAPL @ 100
22:20:22 | INFO     | OrderManager    | Order #6: BUY 10 AAPL @ 100
22:20:22 | INFO     | OrderManager    | Order #7: BUY 10 AAPL @ 100
22:20:22 | INFO     | OrderManager    | Order #8: BUY 10 AAPL @ 100
22:20:22 | INFO     | OrderManager    | Order #9: BUY 10 AAPL @ 100
22:20:22 | INFO     | OrderManager    | Order #10: BUY 10 AAPL @ 100
22:20:22 | INFO     | OrderManager    | Order #11: BUY 10 AAPL @ 100
22:20:22 | INFO     | OrderManager    | Order #12: BUY 10 AAPL @ 100
22:20:22 | INFO     | OrderManager    | Order #13: BUY 10 AAPL @ 100
22:20:22 | INFO     | OrderManager    | Order #14: BUY 10 AAPL @ 100
22:20:22 | INFO     | OrderManager    | Order #15: BUY 10 AAPL @ 100
22:20:22 | INFO     | OrderManager    | Order #16: BUY 10 AAPL @ 100
22:20:22 | INFO     | OrderManager    | Order #17: BUY 10 AAPL @ 100
22:20:22 | INFO     | OrderManager    | Order #18: BUY 10 AAPL @ 100
22:20:22 | INFO     | OrderManager    | Order #19: BUY 10 AAPL @ 100
22:20:22 | INFO     | OrderManager    | Order #20: BUY 10 AAPL @ 100
22:20:22 | INFO     | OrderManager    | Order #21: BUY 10 AAPL @ 100
22:20:22 | INFO     | OrderManager    | Order #22: BUY 10 AAPL @ 100
22:20:22 | INFO     | OrderManager    | Order #23: BUY 10 AAPL @ 100
22:20:22 | INFO     | OrderManager    | Order #24: BUY 10 AAPL @ 100
22:20:22 | INFO     | OrderManager    | Order #25: BUY 10 AAPL @ 100
22:20:22 | INFO     | OrderManager    | Order #26: BUY 10 AAPL @ 100
22:20:22 | INFO     | OrderManager    | Order #27: BUY 10 AAPL @ 100
22:20:22 | INFO     | OrderManager    | Order #28: BUY 10 AAPL @ 100
22:20:22 | INFO     | OrderManager    | Order #29: BUY 10 AAPL @ 100
22:20:22 | INFO     | OrderManager    | Order #30: BUY 10 AAPL @ 100
22:20:22 | INFO     | OrderManager    | Order #31: BUY 10 AAPL @ 100
22:20:22 | INFO     | OrderManager    | Order #32: BUY 10 AAPL @ 100
22:20:22 | INFO     | OrderManager    | Order #33: BUY 10 AAPL @ 100
22:20:23 | INFO     | OrderManager    | Order #34: BUY 10 AAPL @ 100
22:20:23 | INFO     | OrderManager    | Order #35: BUY 10 AAPL @ 100
22:20:23 | INFO     | OrderManager    | Order #36: BUY 10 AAPL @ 100
22:20:23 | INFO     | OrderManager    | Order #37: BUY 10 AAPL @ 100
22:20:23 | INFO     | OrderManager    | Order #38: BUY 10 AAPL @ 100
22:20:23 | INFO     | OrderManager    | Order #39: BUY 10 AAPL @ 100
22:20:23 | INFO     | OrderManager    | Order #40: BUY 10 AAPL @ 100
22:20:23 | INFO     | OrderManager    | Order #41: BUY 10 AAPL @ 100
22:20:23 | INFO     | OrderManager    | Order #42: BUY 10 AAPL @ 100
22:20:23 | INFO     | OrderManager    | Order #43: BUY 10 AAPL @ 100
22:20:23 | INFO     | OrderManager    | Order #44: BUY 10 AAPL @ 100
22:20:23 | INFO     | OrderManager    | Order #45: BUY 10 AAPL @ 100
22:20:23 | INFO     | OrderManager    | Order #46: BUY 10 AAPL @ 100
22:20:23 | INFO     | OrderManager    | Order #47: BUY 10 AAPL @ 100
22:20:23 | INFO     | OrderManager    | Order #48: BUY 10 AAPL @ 100
22:20:23 | INFO     | OrderManager    | Order #49: BUY 10 AAPL @ 100
22:20:23 | INFO     | OrderManager    | Order #50: BUY 10 AAPL @ 100
22:20:23 | INFO     | OrderManager    | Order #51: BUY 10 AAPL @ 100
22:20:23 | INFO     | OrderManager    | Order #52: BUY 10 AAPL @ 100
22:20:23 | INFO     | OrderManager    | Order #53: BUY 10 AAPL @ 100
22:20:23 | INFO     | OrderManager    | Order #54: BUY 10 AAPL @ 100
22:20:23 | INFO     | OrderManager    | Order #55: BUY 10 AAPL @ 100
22:20:23 | INFO     | OrderManager    | Order #56: BUY 10 AAPL @ 100
22:20:23 | INFO     | OrderManager    | Order #57: BUY 10 AAPL @ 100
22:20:23 | INFO     | OrderManager    | Order #58: BUY 10 AAPL @ 100
22:20:23 | INFO     | OrderManager    | Order #59: BUY 10 AAPL @ 100
22:20:23 | INFO     | OrderManager    | Order #60: BUY 10 AAPL @ 100
22:20:24 | INFO     | OrderManager    | Order #61: BUY 10 AAPL @ 100
22:20:24 | INFO     | OrderManager    | Order #62: BUY 10 AAPL @ 100
22:20:24 | INFO     | OrderManager    | Order #63: BUY 10 AAPL @ 100
22:20:24 | INFO     | OrderManager    | Order #64: BUY 10 AAPL @ 100
22:20:24 | INFO     | OrderManager    | Order #65: BUY 10 AAPL @ 100
22:20:24 | INFO     | OrderManager    | Order #66: BUY 10 AAPL @ 100
22:20:24 | INFO     | OrderManager    | Order #67: BUY 10 AAPL @ 100
22:20:24 | INFO     | OrderManager    | Order #68: BUY 10 AAPL @ 100
22:20:24 | INFO     | OrderManager    | Order #69: BUY 10 AAPL @ 100
22:20:24 | INFO     | OrderManager    | Order #70: BUY 10 AAPL @ 100
22:20:24 | INFO     | OrderManager    | Order #71: BUY 10 AAPL @ 100
22:20:24 | INFO     | OrderManager    | Order #72: BUY 10 AAPL @ 100
22:20:24 | INFO     | OrderManager    | Order #73: BUY 10 AAPL @ 100
22:20:24 | INFO     | OrderManager    | Order #74: BUY 10 AAPL @ 100
22:20:24 | INFO     | OrderManager    | Order #75: BUY 10 AAPL @ 100
22:20:24 | INFO     | OrderManager    | Order #76: BUY 10 AAPL @ 100
22:20:24 | INFO     | OrderManager    | Order #77: BUY 10 AAPL @ 100
22:20:24 | INFO     | OrderManager    | Order #78: BUY 10 AAPL @ 100
22:20:24 | INFO     | OrderManager    | Order #79: BUY 10 AAPL @ 100
22:20:24 | INFO     | OrderManager    | Order #80: BUY 10 AAPL @ 100
22:20:24 | INFO     | OrderManager    | Order #81: BUY 10 AAPL @ 100
22:20:24 | INFO     | OrderManager    | Order #82: BUY 10 AAPL @ 100
22:20:24 | INFO     | OrderManager    | Order #83: BUY 10 AAPL @ 100
22:20:24 | INFO     | OrderManager    | Order #84: BUY 10 AAPL @ 100
22:20:24 | INFO     | OrderManager    | Order #85: BUY 10 AAPL @ 100
22:20:24 | INFO     | OrderManager    | Order #86: BUY 10 AAPL @ 100
22:20:24 | INFO     | OrderManager    | Order #87: BUY 10 AAPL @ 100
22:20:24 | INFO     | OrderManager    | Order #88: BUY 10 AAPL @ 100
22:20:24 | INFO     | OrderManager    | Order #89: BUY 10 AAPL @ 100
22:20:24 | INFO     | OrderManager    | Order #90: BUY 10 AAPL @ 100
22:20:25 | INFO     | OrderManager    | Order #91: BUY 10 AAPL @ 100
22:20:25 | INFO     | OrderManager    | Order #92: BUY 10 AAPL @ 100
22:20:25 | INFO     | OrderManager    | Order #93: BUY 10 AAPL @ 100
22:20:25 | INFO     | OrderManager    | Order #94: BUY 10 AAPL @ 100
22:20:25 | INFO     | OrderManager    | Order #95: BUY 10 AAPL @ 100
22:20:25 | INFO     | OrderManager    | Order #96: BUY 10 AAPL @ 100
22:20:25 | INFO     | OrderManager    | Order #97: BUY 10 AAPL @ 100
22:20:25 | INFO     | OrderManager    | Order #98: BUY 10 AAPL @ 100
22:20:25 | INFO     | OrderManager    | Order #99: BUY 10 AAPL @ 100
22:20:25 | INFO     | OrderManager    | Order #100: BUY 10 AAPL @ 100
22:20:25 | INFO     | OrderManager    | Order #101: BUY 10 AAPL @ 100
22:20:25 | INFO     | OrderManager    | Order #102: BUY 10 AAPL @ 100
22:20:25 | INFO     | OrderManager    | Order #103: BUY 10 AAPL @ 100
22:20:25 | INFO     | OrderManager    | Order #104: BUY 10 AAPL @ 100
22:20:25 | INFO     | OrderManager    | Order #105: BUY 10 AAPL @ 100
22:20:25 | INFO     | OrderManager    | Order #106: BUY 10 AAPL @ 100
22:20:25 | INFO     | OrderManager    | Order #107: BUY 10 AAPL @ 100
22:20:25 | INFO     | OrderManager    | Order #108: BUY 10 AAPL @ 100
22:20:25 | INFO     | OrderManager    | Order #109: BUY 10 AAPL @ 100
22:20:25 | INFO     | OrderManager    | Order #110: BUY 10 AAPL @ 100
22:20:25 | INFO     | OrderManager    | Order #111: BUY 10 AAPL @ 100
22:20:25 | INFO     | OrderManager    | Order #112: BUY 10 AAPL @ 100
22:20:25 | INFO     | OrderManager    | Order #113: BUY 10 AAPL @ 100
22:20:25 | INFO     | OrderManager    | Order #114: BUY 10 AAPL @ 100
22:20:25 | INFO     | OrderManager    | Order #115: BUY 10 AAPL @ 100
22:20:25 | INFO     | OrderManager    | Order #116: BUY 10 AAPL @ 100
22:20:25 | INFO     | OrderManager    | Order #117: BUY 10 AAPL @ 100
22:20:25 | INFO     | OrderManager    | Order #118: BUY 10 AAPL @ 100
22:20:25 | INFO     | OrderManager    | Order #119: BUY 10 AAPL @ 100
22:20:25 | INFO     | OrderManager    | Order #120: BUY 10 AAPL @ 100
22:20:26 | INFO     | OrderManager    | Order #121: BUY 10 AAPL @ 100
22:20:26 | INFO     | OrderManager    | Order #122: BUY 10 AAPL @ 100
22:20:26 | INFO     | OrderManager    | Order #123: BUY 10 AAPL @ 100
22:20:26 | INFO     | OrderManager    | Order #124: BUY 10 AAPL @ 100
22:20:26 | INFO     | OrderManager    | Order #125: BUY 10 AAPL @ 100
22:20:26 | INFO     | OrderManager    | Order #126: BUY 10 AAPL @ 100
22:20:26 | INFO     | OrderManager    | Order #127: BUY 10 AAPL @ 100
22:20:26 | INFO     | OrderManager    | Order #128: BUY 10 AAPL @ 100
22:20:26 | INFO     | OrderManager    | Order #129: BUY 10 AAPL @ 100
22:20:26 | INFO     | OrderManager    | Order #130: BUY 10 AAPL @ 100
22:20:26 | INFO     | OrderManager    | Order #131: BUY 10 AAPL @ 100
22:20:26 | INFO     | OrderManager    | Order #132: BUY 10 AAPL @ 100
22:20:26 | INFO     | OrderManager    | Order #133: BUY 10 AAPL @ 100
22:20:26 | INFO     | OrderManager    | Order #134: BUY 10 AAPL @ 100
22:20:26 | INFO     | OrderManager    | Order #135: BUY 10 AAPL @ 100
22:20:26 | INFO     | OrderManager    | Order #136: BUY 10 AAPL @ 100
22:20:26 | INFO     | OrderManager    | Order #137: BUY 10 AAPL @ 100
22:20:26 | INFO     | OrderManager    | Order #138: BUY 10 AAPL @ 100
22:20:26 | INFO     | OrderManager    | Order #139: BUY 10 AAPL @ 100
22:20:26 | INFO     | OrderManager    | Order #140: BUY 10 AAPL @ 100
22:20:26 | INFO     | OrderManager    | Order #141: BUY 10 AAPL @ 100
22:20:26 | INFO     | OrderManager    | Order #142: BUY 10 AAPL @ 100
22:20:26 | INFO     | OrderManager    | Order #143: BUY 10 AAPL @ 100
22:20:26 | INFO     | OrderManager    | Order #144: BUY 10 AAPL @ 100
22:20:26 | INFO     | OrderManager    | Order #145: BUY 10 AAPL @ 100
22:20:26 | INFO     | OrderManager    | Order #146: BUY 10 AAPL @ 100
22:20:26 | INFO     | OrderManager    | Order #147: BUY 10 AAPL @ 100
22:20:27 | INFO     | OrderManager    | Order #148: BUY 10 AAPL @ 100
22:20:27 | INFO     | OrderManager    | Order #149: BUY 10 AAPL @ 100
22:20:27 | INFO     | OrderManager    | Order #150: BUY 10 AAPL @ 100
22:20:27 | INFO     | OrderManager    | Order #151: BUY 10 AAPL @ 100
22:20:27 | INFO     | OrderManager    | Order #152: BUY 10 AAPL @ 100
22:20:27 | INFO     | OrderManager    | Order #153: BUY 10 AAPL @ 100
22:20:27 | INFO     | OrderManager    | Order #154: BUY 10 AAPL @ 100
22:20:27 | INFO     | OrderManager    | Order #155: BUY 10 AAPL @ 100
22:20:27 | INFO     | OrderManager    | Order #156: BUY 10 AAPL @ 100
22:20:27 | INFO     | OrderManager    | Order #157: BUY 10 AAPL @ 100
22:20:27 | INFO     | OrderManager    | Order #158: BUY 10 AAPL @ 100
22:20:27 | INFO     | OrderManager    | Order #159: BUY 10 AAPL @ 100
22:20:27 | INFO     | OrderManager    | Order #160: BUY 10 AAPL @ 100
22:20:27 | INFO     | OrderManager    | Order #161: BUY 10 AAPL @ 100
22:20:27 | INFO     | OrderManager    | Order #162: BUY 10 AAPL @ 100
22:20:27 | INFO     | OrderManager    | Order #163: BUY 10 AAPL @ 100
22:20:27 | INFO     | OrderManager    | Order #164: BUY 10 AAPL @ 100
22:20:27 | INFO     | OrderManager    | Order #165: BUY 10 AAPL @ 100
22:20:27 | INFO     | OrderManager    | Order #166: BUY 10 AAPL @ 100
22:20:27 | INFO     | OrderManager    | Order #167: BUY 10 AAPL @ 100
22:20:27 | INFO     | OrderManager    | Order #168: BUY 10 AAPL @ 100
22:20:27 | INFO     | OrderManager    | Order #169: BUY 10 AAPL @ 100
22:20:27 | INFO     | OrderManager    | Order #170: BUY 10 AAPL @ 100
22:20:27 | INFO     | OrderManager    | Order #171: BUY 10 AAPL @ 100
22:20:27 | INFO     | OrderManager    | Order #172: BUY 10 AAPL @ 100
22:20:27 | INFO     | OrderManager    | Order #173: BUY 10 AAPL @ 100
22:20:27 | INFO     | OrderManager    | Order #174: BUY 10 AAPL @ 100
22:20:27 | INFO     | OrderManager    | Order #175: BUY 10 AAPL @ 100
22:20:27 | INFO     | OrderManager    | Order #176: BUY 10 AAPL @ 100
22:20:27 | INFO     | OrderManager    | Order #177: BUY 10 AAPL @ 100
22:20:28 | INFO     | OrderManager    | Order #178: BUY 10 AAPL @ 100
22:20:28 | INFO     | OrderManager    | Order #179: BUY 10 AAPL @ 100
22:20:28 | INFO     | OrderManager    | Order #180: BUY 10 AAPL @ 100
22:20:28 | INFO     | OrderManager    | Order #181: BUY 10 AAPL @ 100
22:20:28 | INFO     | OrderManager    | Order #182: BUY 10 AAPL @ 100
22:20:28 | INFO     | OrderManager    | Order #183: BUY 10 AAPL @ 100
22:20:28 | INFO     | OrderManager    | Order #184: BUY 10 AAPL @ 100
22:20:28 | INFO     | OrderManager    | Order #185: BUY 10 AAPL @ 100
22:20:28 | INFO     | OrderManager    | Order #186: BUY 10 AAPL @ 100
22:20:28 | INFO     | OrderManager    | Order #187: BUY 10 AAPL @ 100
22:20:28 | INFO     | OrderManager    | Order #188: BUY 10 AAPL @ 100
22:20:28 | INFO     | OrderManager    | Order #189: BUY 10 AAPL @ 100
22:20:28 | INFO     | OrderManager    | Order #190: BUY 10 AAPL @ 100
22:20:28 | INFO     | OrderManager    | Order #191: BUY 10 AAPL @ 100
22:20:28 | INFO     | OrderManager    | Order #192: BUY 10 AAPL @ 100
22:20:28 | INFO     | OrderManager    | Order #193: BUY 10 AAPL @ 100
22:20:28 | INFO     | OrderManager    | Order #194: BUY 10 AAPL @ 100
22:20:28 | INFO     | OrderManager    | Order #195: BUY 10 AAPL @ 100
22:20:28 | INFO     | OrderManager    | Order #196: BUY 10 AAPL @ 100
22:20:28 | INFO     | OrderManager    | Order #197: BUY 10 AAPL @ 100
22:20:28 | INFO     | OrderManager    | Order #198: BUY 10 AAPL @ 100
22:20:28 | INFO     | OrderManager    | Order #199: BUY 10 AAPL @ 100
22:20:28 | INFO     | OrderManager    | Order #200: BUY 10 AAPL @ 100
22:20:28 | INFO     | OrderManager    | Order #201: BUY 10 AAPL @ 100
22:20:28 | INFO     | OrderManager    | Order #202: BUY 10 AAPL @ 100
22:20:28 | INFO     | OrderManager    | Order #203: BUY 10 AAPL @ 100
22:20:28 | INFO     | OrderManager    | Order #204: BUY 10 AAPL @ 100
22:20:29 | INFO     | OrderManager    | Order #205: BUY 10 AAPL @ 100
22:20:29 | INFO     | OrderManager    | Order #206: BUY 10 AAPL @ 100
22:20:29 | INFO     | OrderManager    | Order #207: BUY 10 AAPL @ 100
22:20:29 | INFO     | Gateway         | Gateway shutdown requested
22:20:29 | INFO     | Strategy        | Strategy main loop terminated
22:20:36 | INFO     | Gateway         | PriceStream: Stream started on 127.0.0.1:9999
22:20:36 | INFO     | Gateway         | Running two streams: prices (9999) and sentiment (9998)
22:20:36 | INFO     | Gateway         | NewsStream: Stream started on 127.0.0.1:9998
22:20:37 | INFO     | OrderBook       | Connected to price feed at 127.0.0.1:9999
22:20:37 | INFO     | Gateway         | PriceStream: Client connected from ('127.0.0.1', 60801)
22:20:38 | INFO     | Strategy        | Strategy started, waiting for order manager connection...
22:20:38 | INFO     | Gateway         | NewsStream: Client connected from ('127.0.0.1', 60803)
22:20:38 | INFO     | Strategy        | Connected to news stream at 127.0.0.1:9998
22:20:38 | INFO     | Strategy        | Listening for order manager on 127.0.0.1:9997
22:20:39 | INFO     | OrderManager    | Order manager starting, connecting to 127.0.0.1:9997
22:20:39 | INFO     | OrderManager    | Connected to strategy at 127.0.0.1:9997
22:20:39 | INFO     | Strategy        | Order manager connected from ('127.0.0.1', 60804)
22:20:39 | INFO     | OrderManager    | Order #1: BUY 10 AAPL @ 100
22:20:39 | INFO     | OrderManager    | Order #2: BUY 10 AAPL @ 100
22:20:39 | INFO     | OrderManager    | Order #3: BUY 10 AAPL @ 100
22:20:39 | INFO     | OrderManager    | Order #4: BUY 10 AAPL @ 100
22:20:39 | INFO     | OrderManager    | Order #5: BUY 10 AAPL @ 100
22:20:39 | INFO     | OrderManager    | Order #6: BUY 10 AAPL @ 100
22:20:39 | INFO     | OrderManager    | Order #7: BUY 10 AAPL @ 100
22:20:39 | INFO     | OrderManager    | Order #8: BUY 10 AAPL @ 100
22:20:39 | INFO     | OrderManager    | Order #9: BUY 10 AAPL @ 100
22:20:39 | INFO     | OrderManager    | Order #10: BUY 10 AAPL @ 100
22:20:39 | INFO     | OrderManager    | Order #11: BUY 10 AAPL @ 100
22:20:39 | INFO     | OrderManager    | Order #12: BUY 10 AAPL @ 100
22:20:39 | INFO     | OrderManager    | Order #13: BUY 10 AAPL @ 100
22:20:39 | INFO     | OrderManager    | Order #14: BUY 10 AAPL @ 100
22:20:39 | INFO     | OrderManager    | Order #15: BUY 10 AAPL @ 100
22:20:39 | INFO     | OrderManager    | Order #16: BUY 10 AAPL @ 100
22:20:39 | INFO     | OrderManager    | Order #17: BUY 10 AAPL @ 100
22:20:39 | INFO     | OrderManager    | Order #18: BUY 10 AAPL @ 100
22:20:39 | INFO     | OrderManager    | Order #19: BUY 10 AAPL @ 100
22:20:39 | INFO     | OrderManager    | Order #20: BUY 10 AAPL @ 100
22:20:39 | INFO     | OrderManager    | Order #21: BUY 10 AAPL @ 100
22:20:39 | INFO     | OrderManager    | Order #22: BUY 10 AAPL @ 100
22:20:39 | INFO     | OrderManager    | Order #23: BUY 10 AAPL @ 100
22:20:39 | INFO     | OrderManager    | Order #24: BUY 10 AAPL @ 100
22:20:39 | INFO     | OrderManager    | Order #25: BUY 10 AAPL @ 100
22:20:39 | INFO     | OrderManager    | Order #26: BUY 10 AAPL @ 100
22:20:39 | INFO     | OrderManager    | Order #27: BUY 10 AAPL @ 100
22:20:39 | INFO     | OrderManager    | Order #28: BUY 10 AAPL @ 100
22:20:39 | INFO     | OrderManager    | Order #29: BUY 10 AAPL @ 100
22:20:39 | INFO     | OrderManager    | Order #30: BUY 10 AAPL @ 100
22:20:39 | INFO     | OrderManager    | Order #31: BUY 10 AAPL @ 100
22:20:39 | INFO     | OrderManager    | Order #32: BUY 10 AAPL @ 100
22:20:39 | INFO     | OrderManager    | Order #33: BUY 10 AAPL @ 100
22:20:39 | INFO     | OrderManager    | Order #34: BUY 10 AAPL @ 100
22:20:39 | INFO     | OrderManager    | Order #35: BUY 10 AAPL @ 100
22:20:39 | INFO     | OrderManager    | Order #36: BUY 10 AAPL @ 100
22:20:39 | INFO     | OrderManager    | Order #37: BUY 10 AAPL @ 100
22:20:39 | INFO     | OrderManager    | Order #38: BUY 10 AAPL @ 100
22:20:39 | INFO     | OrderManager    | Order #39: BUY 10 AAPL @ 100
22:20:39 | INFO     | OrderManager    | Order #40: BUY 10 AAPL @ 100
22:20:39 | INFO     | OrderManager    | Order #41: BUY 10 AAPL @ 100
22:20:39 | INFO     | OrderManager    | Order #42: BUY 10 AAPL @ 100
22:20:39 | INFO     | OrderManager    | Order #43: BUY 10 AAPL @ 100
22:20:39 | INFO     | OrderManager    | Order #44: BUY 10 AAPL @ 100
22:20:39 | INFO     | OrderManager    | Order #45: BUY 10 AAPL @ 100
22:20:39 | INFO     | OrderManager    | Order #46: BUY 10 AAPL @ 100
22:20:39 | INFO     | OrderManager    | Order #47: BUY 10 AAPL @ 100
22:20:39 | INFO     | OrderManager    | Order #48: BUY 10 AAPL @ 100
22:20:39 | INFO     | OrderManager    | Order #49: BUY 10 AAPL @ 100
22:20:39 | INFO     | OrderManager    | Order #50: BUY 10 AAPL @ 100
22:20:39 | INFO     | OrderManager    | Order #51: BUY 10 AAPL @ 100
22:20:39 | INFO     | OrderManager    | Order #52: BUY 10 AAPL @ 100
22:20:39 | INFO     | OrderManager    | Order #53: BUY 10 AAPL @ 100
22:20:39 | INFO     | OrderManager    | Order #54: BUY 10 AAPL @ 100
22:20:39 | INFO     | OrderManager    | Order #55: BUY 10 AAPL @ 100
22:20:39 | INFO     | OrderManager    | Order #56: BUY 10 AAPL @ 100
22:20:39 | INFO     | OrderManager    | Order #57: BUY 10 AAPL @ 100
22:20:39 | INFO     | OrderManager    | Order #58: BUY 10 AAPL @ 100
22:20:39 | INFO     | OrderManager    | Order #59: BUY 10 AAPL @ 100
22:20:39 | INFO     | OrderManager    | Order #60: BUY 10 AAPL @ 100
22:20:39 | INFO     | OrderManager    | Order #61: BUY 10 AAPL @ 100
22:20:39 | INFO     | OrderManager    | Order #62: BUY 10 AAPL @ 100
22:20:39 | INFO     | OrderManager    | Order #63: BUY 10 AAPL @ 100
22:20:39 | INFO     | OrderManager    | Order #64: BUY 10 AAPL @ 100
22:20:39 | INFO     | OrderManager    | Order #65: BUY 10 AAPL @ 100
22:20:39 | INFO     | OrderManager    | Order #66: BUY 10 AAPL @ 100
22:20:39 | INFO     | OrderManager    | Order #67: BUY 10 AAPL @ 100
22:20:39 | INFO     | OrderManager    | Order #68: BUY 10 AAPL @ 100
22:20:39 | INFO     | OrderManager    | Order #69: BUY 10 AAPL @ 100
22:20:39 | INFO     | OrderManager    | Order #70: BUY 10 AAPL @ 100
22:20:39 | INFO     | OrderManager    | Order #71: BUY 10 AAPL @ 100
22:20:39 | INFO     | OrderManager    | Order #72: BUY 10 AAPL @ 100
22:20:39 | INFO     | OrderManager    | Order #73: BUY 10 AAPL @ 100
22:20:39 | INFO     | OrderManager    | Order #74: BUY 10 AAPL @ 100
22:20:39 | INFO     | OrderManager    | Order #75: BUY 10 AAPL @ 100
22:20:39 | INFO     | OrderManager    | Order #76: BUY 10 AAPL @ 100
22:20:39 | INFO     | OrderManager    | Order #77: BUY 10 AAPL @ 100
22:20:39 | INFO     | OrderManager    | Order #78: BUY 10 AAPL @ 100
22:20:39 | INFO     | OrderManager    | Order #79: BUY 10 AAPL @ 100
22:20:39 | INFO     | OrderManager    | Order #80: BUY 10 AAPL @ 100
22:20:39 | INFO     | OrderManager    | Order #81: BUY 10 AAPL @ 100
22:20:39 | INFO     | OrderManager    | Order #82: BUY 10 AAPL @ 100
22:20:39 | INFO     | OrderManager    | Order #83: BUY 10 AAPL @ 100
22:20:39 | INFO     | OrderManager    | Order #84: BUY 10 AAPL @ 100
22:20:39 | INFO     | OrderManager    | Order #85: BUY 10 AAPL @ 100
22:20:39 | INFO     | OrderManager    | Order #86: BUY 10 AAPL @ 100
22:20:39 | INFO     | OrderManager    | Order #87: BUY 10 AAPL @ 100
22:20:39 | INFO     | OrderManager    | Order #88: BUY 10 AAPL @ 100
22:20:39 | INFO     | OrderManager    | Order #89: BUY 10 AAPL @ 100
22:20:39 | INFO     | OrderManager    | Order #90: BUY 10 AAPL @ 100
22:20:39 | INFO     | OrderManager    | Order #91: BUY 10 AAPL @ 100
22:20:39 | INFO     | OrderManager    | Order #92: BUY 10 AAPL @ 100
22:20:39 | INFO     | OrderManager    | Order #93: BUY 10 AAPL @ 100
22:20:39 | INFO     | OrderManager    | Order #94: BUY 10 AAPL @ 100
22:20:39 | INFO     | OrderManager    | Order #95: BUY 10 AAPL @ 100
22:20:39 | INFO     | OrderManager    | Order #96: BUY 10 AAPL @ 100
22:20:39 | INFO     | OrderManager    | Order #97: BUY 10 AAPL @ 100
22:20:39 | INFO     | OrderManager    | Order #98: BUY 10 AAPL @ 100
22:20:39 | INFO     | OrderManager    | Order #99: BUY 10 AAPL @ 100
22:20:39 | INFO     | OrderManager    | Order #100: BUY 10 AAPL @ 100
22:20:39 | INFO     | OrderManager    | Order #101: BUY 10 AAPL @ 100
22:20:39 | INFO     | OrderManager    | Order #102: BUY 10 AAPL @ 100
22:20:39 | INFO     | OrderManager    | Order #103: BUY 10 AAPL @ 100
22:20:39 | INFO     | OrderManager    | Order #104: BUY 10 AAPL @ 100
22:20:39 | INFO     | OrderManager    | Order #105: BUY 10 AAPL @ 100
22:20:39 | INFO     | OrderManager    | Order #106: BUY 10 AAPL @ 100
22:20:39 | INFO     | OrderManager    | Order #107: BUY 10 AAPL @ 100
22:20:39 | INFO     | OrderManager    | Order #108: BUY 10 AAPL @ 100
22:20:39 | INFO     | OrderManager    | Order #109: BUY 10 AAPL @ 100
22:20:39 | INFO     | OrderManager    | Order #110: BUY 10 AAPL @ 100
22:20:39 | INFO     | OrderManager    | Order #111: BUY 10 AAPL @ 100
22:20:39 | INFO     | OrderManager    | Order #112: BUY 10 AAPL @ 100
22:20:39 | INFO     | OrderManager    | Order #113: BUY 10 AAPL @ 100
22:20:39 | INFO     | OrderManager    | Order #114: BUY 10 AAPL @ 100
22:20:39 | INFO     | OrderManager    | Order #115: BUY 10 AAPL @ 100
22:20:39 | INFO     | OrderManager    | Order #116: BUY 10 AAPL @ 100
22:20:39 | INFO     | OrderManager    | Order #117: BUY 10 AAPL @ 100
22:20:39 | INFO     | OrderManager    | Order #118: BUY 10 AAPL @ 100
22:20:39 | INFO     | OrderManager    | Order #119: BUY 10 AAPL @ 100
22:20:39 | INFO     | OrderManager    | Order #120: BUY 10 AAPL @ 100
22:20:39 | INFO     | OrderManager    | Order #121: BUY 10 AAPL @ 100
22:20:39 | INFO     | OrderManager    | Order #122: BUY 10 AAPL @ 100
22:20:39 | INFO     | OrderManager    | Order #123: BUY 10 AAPL @ 100
22:20:39 | INFO     | OrderManager    | Order #124: BUY 10 AAPL @ 100
22:20:39 | INFO     | OrderManager    | Order #125: BUY 10 AAPL @ 100
22:20:39 | INFO     | OrderManager    | Order #126: BUY 10 AAPL @ 100
22:20:39 | INFO     | OrderManager    | Order #127: BUY 10 AAPL @ 100
22:20:39 | INFO     | OrderManager    | Order #128: BUY 10 AAPL @ 100
22:20:39 | INFO     | OrderManager    | Order #129: BUY 10 AAPL @ 100
22:20:39 | INFO     | OrderManager    | Order #130: BUY 10 AAPL @ 100
22:20:39 | INFO     | OrderManager    | Order #131: BUY 10 AAPL @ 100
22:20:39 | INFO     | OrderManager    | Order #132: BUY 10 AAPL @ 100
22:20:39 | INFO     | OrderManager    | Order #133: BUY 10 AAPL @ 100
22:20:39 | INFO     | OrderManager    | Order #134: BUY 10 AAPL @ 100
22:20:39 | INFO     | OrderManager    | Order #135: BUY 10 AAPL @ 100
22:20:39 | INFO     | OrderManager    | Order #136: BUY 10 AAPL @ 100
22:20:39 | INFO     | OrderManager    | Order #137: BUY 10 AAPL @ 100
22:20:39 | INFO     | OrderManager    | Order #138: BUY 10 AAPL @ 100
22:20:39 | INFO     | OrderManager    | Order #139: BUY 10 AAPL @ 100
22:20:39 | INFO     | OrderManager    | Order #140: BUY 10 AAPL @ 100
22:20:39 | INFO     | OrderManager    | Order #141: BUY 10 AAPL @ 100
22:20:39 | INFO     | OrderManager    | Order #142: BUY 10 AAPL @ 100
22:20:39 | INFO     | OrderManager    | Order #143: BUY 10 AAPL @ 100
22:20:39 | INFO     | OrderManager    | Order #144: BUY 10 AAPL @ 100
22:20:39 | INFO     | OrderManager    | Order #145: BUY 10 AAPL @ 100
22:20:39 | INFO     | OrderManager    | Order #146: BUY 10 AAPL @ 100
22:20:39 | INFO     | OrderManager    | Order #147: BUY 10 AAPL @ 100
22:20:39 | INFO     | OrderManager    | Order #148: BUY 10 AAPL @ 100
22:20:39 | INFO     | OrderManager    | Order #149: BUY 10 AAPL @ 100
22:20:39 | INFO     | OrderManager    | Order #150: BUY 10 AAPL @ 100
22:20:39 | INFO     | OrderManager    | Order #151: BUY 10 AAPL @ 100
22:20:39 | INFO     | OrderManager    | Order #152: BUY 10 AAPL @ 100
22:20:39 | INFO     | OrderManager    | Order #153: BUY 10 AAPL @ 100
22:20:39 | INFO     | OrderManager    | Order #154: BUY 10 AAPL @ 100
22:20:39 | INFO     | OrderManager    | Order #155: BUY 10 AAPL @ 100
22:20:39 | INFO     | OrderManager    | Order #156: BUY 10 AAPL @ 100
22:20:39 | INFO     | OrderManager    | Order #157: BUY 10 AAPL @ 100
22:20:39 | INFO     | OrderManager    | Order #158: BUY 10 AAPL @ 100
22:20:39 | INFO     | OrderManager    | Order #159: BUY 10 AAPL @ 100
22:20:39 | INFO     | OrderManager    | Order #160: BUY 10 AAPL @ 100
22:20:39 | INFO     | OrderManager    | Order #161: BUY 10 AAPL @ 100
22:20:39 | INFO     | OrderManager    | Order #162: BUY 10 AAPL @ 100
22:20:39 | INFO     | OrderManager    | Order #163: BUY 10 AAPL @ 100
22:20:39 | INFO     | OrderManager    | Order #164: BUY 10 AAPL @ 100
22:20:39 | INFO     | OrderManager    | Order #165: BUY 10 AAPL @ 100
22:20:39 | INFO     | OrderManager    | Order #166: BUY 10 AAPL @ 100
22:20:39 | INFO     | OrderManager    | Order #167: BUY 10 AAPL @ 100
22:20:39 | INFO     | OrderManager    | Order #168: BUY 10 AAPL @ 100
22:20:39 | INFO     | OrderManager    | Order #169: BUY 10 AAPL @ 100
22:20:39 | INFO     | OrderManager    | Order #170: BUY 10 AAPL @ 100
22:20:39 | INFO     | OrderManager    | Order #171: BUY 10 AAPL @ 100
22:20:39 | INFO     | OrderManager    | Order #172: BUY 10 AAPL @ 100
22:20:39 | INFO     | OrderManager    | Order #173: BUY 10 AAPL @ 100
22:20:39 | INFO     | OrderManager    | Order #174: BUY 10 AAPL @ 100
22:20:39 | INFO     | OrderManager    | Order #175: BUY 10 AAPL @ 100
22:20:39 | INFO     | OrderManager    | Order #176: BUY 10 AAPL @ 100
22:20:39 | INFO     | OrderManager    | Order #177: BUY 10 AAPL @ 100
22:20:39 | INFO     | OrderManager    | Order #178: BUY 10 AAPL @ 100
22:20:39 | INFO     | OrderManager    | Order #179: BUY 10 AAPL @ 100
22:20:39 | INFO     | OrderManager    | Order #180: BUY 10 AAPL @ 100
22:20:39 | INFO     | OrderManager    | Order #181: BUY 10 AAPL @ 100
22:20:39 | INFO     | OrderManager    | Order #182: BUY 10 AAPL @ 100
22:20:39 | INFO     | OrderManager    | Order #183: BUY 10 AAPL @ 100
22:20:39 | INFO     | OrderManager    | Order #184: BUY 10 AAPL @ 100
22:20:39 | INFO     | OrderManager    | Order #185: BUY 10 AAPL @ 100
22:20:39 | INFO     | OrderManager    | Order #186: BUY 10 AAPL @ 100
22:20:39 | INFO     | OrderManager    | Order #187: BUY 10 AAPL @ 100
22:20:39 | INFO     | OrderManager    | Order #188: BUY 10 AAPL @ 100
22:20:39 | INFO     | OrderManager    | Order #189: BUY 10 AAPL @ 100
22:20:39 | INFO     | OrderManager    | Order #190: BUY 10 AAPL @ 100
22:20:39 | INFO     | OrderManager    | Order #191: BUY 10 AAPL @ 100
22:20:39 | INFO     | OrderManager    | Order #192: BUY 10 AAPL @ 100
22:20:39 | INFO     | OrderManager    | Order #193: BUY 10 AAPL @ 100
22:20:39 | INFO     | OrderManager    | Order #194: BUY 10 AAPL @ 100
22:20:39 | INFO     | OrderManager    | Order #195: BUY 10 AAPL @ 100
22:20:39 | INFO     | OrderManager    | Order #196: BUY 10 AAPL @ 100
22:20:39 | INFO     | OrderManager    | Order #197: BUY 10 AAPL @ 100
22:20:39 | INFO     | OrderManager    | Order #198: BUY 10 AAPL @ 100
22:20:39 | INFO     | OrderManager    | Order #199: BUY 10 AAPL @ 100
22:20:39 | INFO     | OrderManager    | Order #200: BUY 10 AAPL @ 100
22:20:39 | INFO     | OrderManager    | Order #201: BUY 10 AAPL @ 100
22:20:39 | INFO     | OrderManager    | Order #202: BUY 10 AAPL @ 100
22:20:39 | INFO     | OrderManager    | Order #203: BUY 10 AAPL @ 100
22:20:39 | INFO     | OrderManager    | Order #204: BUY 10 AAPL @ 100
22:20:39 | INFO     | OrderManager    | Order #205: BUY 10 AAPL @ 100
22:20:39 | INFO     | OrderManager    | Order #206: BUY 10 AAPL @ 100
22:20:39 | INFO     | OrderManager    | Order #207: BUY 10 AAPL @ 100
22:20:39 | INFO     | OrderManager    | Order #208: BUY 10 AAPL @ 100
22:20:39 | INFO     | OrderManager    | Order #209: BUY 10 AAPL @ 100
22:20:39 | INFO     | OrderManager    | Order #210: BUY 10 AAPL @ 100
22:20:39 | INFO     | OrderManager    | Order #211: BUY 10 AAPL @ 100
22:20:39 | INFO     | OrderManager    | Order #212: BUY 10 AAPL @ 100
22:20:39 | INFO     | OrderManager    | Order #213: BUY 10 AAPL @ 100
22:20:39 | INFO     | OrderManager    | Order #214: BUY 10 AAPL @ 100
22:20:39 | INFO     | OrderManager    | Order #215: BUY 10 AAPL @ 100
22:20:39 | INFO     | OrderManager    | Order #216: BUY 10 AAPL @ 100
22:20:39 | INFO     | OrderManager    | Order #217: BUY 10 AAPL @ 100
22:20:39 | INFO     | OrderManager    | Order #218: BUY 10 AAPL @ 100
22:20:39 | INFO     | OrderManager    | Order #219: BUY 10 AAPL @ 100
22:20:39 | INFO     | OrderManager    | Order #220: BUY 10 AAPL @ 100
22:20:39 | INFO     | OrderManager    | Order #221: BUY 10 AAPL @ 100
22:20:39 | INFO     | OrderManager    | Order #222: BUY 10 AAPL @ 100
22:20:40 | INFO     | OrderManager    | Order #223: BUY 10 AAPL @ 100
22:20:40 | INFO     | OrderManager    | Order #224: BUY 10 AAPL @ 100
22:20:40 | INFO     | OrderManager    | Order #225: BUY 10 AAPL @ 100
22:20:40 | INFO     | OrderManager    | Order #226: BUY 10 AAPL @ 100
22:20:40 | INFO     | OrderManager    | Order #227: BUY 10 AAPL @ 100
22:20:40 | INFO     | OrderManager    | Order #228: BUY 10 AAPL @ 100
22:20:40 | INFO     | OrderManager    | Order #229: BUY 10 AAPL @ 100
22:20:40 | INFO     | OrderManager    | Order #230: BUY 10 AAPL @ 100
22:20:40 | INFO     | OrderManager    | Order #231: BUY 10 AAPL @ 100
22:20:40 | INFO     | OrderManager    | Order #232: BUY 10 AAPL @ 100
22:20:40 | INFO     | OrderManager    | Order #233: BUY 10 AAPL @ 100
22:20:40 | INFO     | OrderManager    | Order #234: BUY 10 AAPL @ 100
22:20:40 | INFO     | OrderManager    | Order #235: BUY 10 AAPL @ 100
22:20:40 | INFO     | OrderManager    | Order #236: BUY 10 AAPL @ 100
22:20:40 | INFO     | OrderManager    | Order #237: BUY 10 AAPL @ 100
22:20:40 | INFO     | OrderManager    | Order #238: BUY 10 AAPL @ 100
22:20:40 | INFO     | OrderManager    | Order #239: BUY 10 AAPL @ 100
22:20:40 | INFO     | OrderManager    | Order #240: BUY 10 AAPL @ 100
22:20:40 | INFO     | OrderManager    | Order #241: BUY 10 AAPL @ 100
22:20:40 | INFO     | OrderManager    | Order #242: BUY 10 AAPL @ 100
22:20:40 | INFO     | OrderManager    | Order #243: BUY 10 AAPL @ 100
22:20:40 | INFO     | OrderManager    | Order #244: BUY 10 AAPL @ 100
22:20:40 | INFO     | OrderManager    | Order #245: BUY 10 AAPL @ 100
22:20:40 | INFO     | OrderManager    | Order #246: BUY 10 AAPL @ 100
22:20:40 | INFO     | OrderManager    | Order #247: BUY 10 AAPL @ 100
22:20:40 | INFO     | OrderManager    | Order #248: BUY 10 AAPL @ 100
22:20:40 | INFO     | OrderManager    | Order #249: BUY 10 AAPL @ 100
22:20:40 | INFO     | OrderManager    | Order #250: BUY 10 AAPL @ 100
22:20:40 | INFO     | OrderManager    | Order #251: BUY 10 AAPL @ 100
22:20:40 | INFO     | OrderManager    | Order #252: BUY 10 AAPL @ 100
22:20:40 | INFO     | OrderManager    | Order #253: BUY 10 AAPL @ 100
22:20:40 | INFO     | OrderManager    | Order #254: BUY 10 AAPL @ 100
22:20:40 | INFO     | OrderManager    | Order #255: BUY 10 AAPL @ 100
22:20:40 | INFO     | OrderManager    | Order #256: BUY 10 AAPL @ 100
22:20:40 | INFO     | OrderManager    | Order #257: BUY 10 AAPL @ 100
22:20:40 | INFO     | OrderManager    | Order #258: BUY 10 AAPL @ 100
22:20:40 | INFO     | OrderManager    | Order #259: BUY 10 AAPL @ 100
22:20:40 | INFO     | OrderManager    | Order #260: BUY 10 AAPL @ 100
22:20:40 | INFO     | OrderManager    | Order #261: BUY 10 AAPL @ 100
22:20:40 | INFO     | OrderManager    | Order #262: BUY 10 AAPL @ 100
22:20:40 | INFO     | OrderManager    | Order #263: BUY 10 AAPL @ 100
22:20:40 | INFO     | OrderManager    | Order #264: BUY 10 AAPL @ 100
22:20:40 | INFO     | OrderManager    | Order #265: BUY 10 AAPL @ 100
22:20:40 | INFO     | OrderManager    | Order #266: BUY 10 AAPL @ 100
22:20:40 | INFO     | OrderManager    | Order #267: BUY 10 AAPL @ 100
22:20:40 | INFO     | OrderManager    | Order #268: BUY 10 AAPL @ 100
22:20:40 | INFO     | OrderManager    | Order #269: BUY 10 AAPL @ 100
22:20:40 | INFO     | OrderManager    | Order #270: BUY 10 AAPL @ 100
22:20:40 | INFO     | OrderManager    | Order #271: BUY 10 AAPL @ 100
22:20:40 | INFO     | OrderManager    | Order #272: BUY 10 AAPL @ 100
22:20:40 | INFO     | OrderManager    | Order #273: BUY 10 AAPL @ 100
22:20:40 | INFO     | OrderManager    | Order #274: BUY 10 AAPL @ 100
22:20:40 | INFO     | OrderManager    | Order #275: BUY 10 AAPL @ 100
22:20:40 | INFO     | OrderManager    | Order #276: BUY 10 AAPL @ 100
22:20:40 | INFO     | OrderManager    | Order #277: BUY 10 AAPL @ 100
22:20:40 | INFO     | OrderManager    | Order #278: BUY 10 AAPL @ 100
22:20:40 | INFO     | OrderManager    | Order #279: BUY 10 AAPL @ 100
22:20:40 | INFO     | OrderManager    | Order #280: BUY 10 AAPL @ 100
22:20:40 | INFO     | OrderManager    | Order #281: BUY 10 AAPL @ 100
22:20:40 | INFO     | OrderManager    | Order #282: BUY 10 AAPL @ 100
22:20:40 | INFO     | OrderManager    | Order #283: BUY 10 AAPL @ 100
22:20:40 | INFO     | OrderManager    | Order #284: BUY 10 AAPL @ 100
22:20:40 | INFO     | OrderManager    | Order #285: BUY 10 AAPL @ 100
22:20:40 | INFO     | OrderManager    | Order #286: BUY 10 AAPL @ 100
22:20:40 | INFO     | OrderManager    | Order #287: BUY 10 AAPL @ 100
22:20:40 | INFO     | OrderManager    | Order #288: BUY 10 AAPL @ 100
22:20:40 | INFO     | OrderManager    | Order #289: BUY 10 AAPL @ 100
22:20:40 | INFO     | OrderManager    | Order #290: BUY 10 AAPL @ 100
22:20:40 | INFO     | OrderManager    | Order #291: BUY 10 AAPL @ 100
22:20:40 | INFO     | OrderManager    | Order #292: BUY 10 AAPL @ 100
22:20:40 | INFO     | OrderManager    | Order #293: BUY 10 AAPL @ 100
22:20:40 | INFO     | OrderManager    | Order #294: BUY 10 AAPL @ 100
22:20:40 | INFO     | OrderManager    | Order #295: BUY 10 AAPL @ 100
22:20:40 | INFO     | OrderManager    | Order #296: BUY 10 AAPL @ 100
22:20:40 | INFO     | OrderManager    | Order #297: BUY 10 AAPL @ 100
22:20:40 | INFO     | OrderManager    | Order #298: BUY 10 AAPL @ 100
22:20:40 | INFO     | OrderManager    | Order #299: BUY 10 AAPL @ 100
22:20:40 | INFO     | OrderManager    | Order #300: BUY 10 AAPL @ 100
22:20:40 | INFO     | OrderManager    | Order #301: BUY 10 AAPL @ 100
22:20:40 | INFO     | OrderManager    | Order #302: BUY 10 AAPL @ 100
22:20:40 | INFO     | OrderManager    | Order #303: BUY 10 AAPL @ 100
22:20:40 | INFO     | OrderManager    | Order #304: BUY 10 AAPL @ 100
22:20:40 | INFO     | OrderManager    | Order #305: BUY 10 AAPL @ 100
22:20:40 | INFO     | OrderManager    | Order #306: BUY 10 AAPL @ 100
22:20:40 | INFO     | OrderManager    | Order #307: BUY 10 AAPL @ 100
22:20:40 | INFO     | OrderManager    | Order #308: BUY 10 AAPL @ 100
22:20:40 | INFO     | OrderManager    | Order #309: BUY 10 AAPL @ 100
22:20:40 | INFO     | OrderManager    | Order #310: BUY 10 AAPL @ 100
22:20:40 | INFO     | OrderManager    | Order #311: BUY 10 AAPL @ 100
22:20:40 | INFO     | OrderManager    | Order #312: BUY 10 AAPL @ 100
22:20:40 | INFO     | OrderManager    | Order #313: BUY 10 AAPL @ 100
22:20:40 | INFO     | OrderManager    | Order #314: BUY 10 AAPL @ 100
22:20:40 | INFO     | OrderManager    | Order #315: BUY 10 AAPL @ 100
22:20:40 | INFO     | OrderManager    | Order #316: BUY 10 AAPL @ 100
22:20:40 | INFO     | OrderManager    | Order #317: BUY 10 AAPL @ 100
22:20:40 | INFO     | OrderManager    | Order #318: BUY 10 AAPL @ 100
22:20:40 | INFO     | OrderManager    | Order #319: BUY 10 AAPL @ 100
22:20:40 | INFO     | OrderManager    | Order #320: BUY 10 AAPL @ 100
22:20:40 | INFO     | OrderManager    | Order #321: BUY 10 AAPL @ 100
22:20:40 | INFO     | OrderManager    | Order #322: BUY 10 AAPL @ 100
22:20:40 | INFO     | OrderManager    | Order #323: BUY 10 AAPL @ 100
22:20:40 | INFO     | OrderManager    | Order #324: BUY 10 AAPL @ 100
22:20:40 | INFO     | OrderManager    | Order #325: BUY 10 AAPL @ 100
22:20:40 | INFO     | OrderManager    | Order #326: BUY 10 AAPL @ 100
22:20:40 | INFO     | OrderManager    | Order #327: BUY 10 AAPL @ 100
22:20:40 | INFO     | OrderManager    | Order #328: BUY 10 AAPL @ 100
22:20:40 | INFO     | OrderManager    | Order #329: BUY 10 AAPL @ 100
22:20:40 | INFO     | OrderManager    | Order #330: BUY 10 AAPL @ 100
22:20:40 | INFO     | OrderManager    | Order #331: BUY 10 AAPL @ 100
22:20:40 | INFO     | OrderManager    | Order #332: BUY 10 AAPL @ 100
22:20:40 | INFO     | OrderManager    | Order #333: BUY 10 AAPL @ 100
22:20:40 | INFO     | OrderManager    | Order #334: BUY 10 AAPL @ 100
22:20:40 | INFO     | OrderManager    | Order #335: BUY 10 AAPL @ 100
22:20:40 | INFO     | OrderManager    | Order #336: BUY 10 AAPL @ 100
22:20:40 | INFO     | OrderManager    | Order #337: BUY 10 AAPL @ 100
22:20:40 | INFO     | OrderManager    | Order #338: BUY 10 AAPL @ 100
22:20:40 | INFO     | OrderManager    | Order #339: BUY 10 AAPL @ 100
22:20:40 | INFO     | OrderManager    | Order #340: BUY 10 AAPL @ 100
22:20:40 | INFO     | OrderManager    | Order #341: BUY 10 AAPL @ 100
22:20:40 | INFO     | OrderManager    | Order #342: BUY 10 AAPL @ 100
22:20:40 | INFO     | OrderManager    | Order #343: BUY 10 AAPL @ 100
22:20:40 | INFO     | OrderManager    | Order #344: BUY 10 AAPL @ 100
22:20:40 | INFO     | OrderManager    | Order #345: BUY 10 AAPL @ 100
22:20:40 | INFO     | OrderManager    | Order #346: BUY 10 AAPL @ 100
22:20:40 | INFO     | OrderManager    | Order #347: BUY 10 AAPL @ 100
22:20:40 | INFO     | OrderManager    | Order #348: BUY 10 AAPL @ 100
22:20:40 | INFO     | OrderManager    | Order #349: BUY 10 AAPL @ 100
22:20:40 | INFO     | OrderManager    | Order #350: BUY 10 AAPL @ 100
22:20:40 | INFO     | OrderManager    | Order #351: BUY 10 AAPL @ 100
22:20:40 | INFO     | OrderManager    | Order #352: BUY 10 AAPL @ 100
22:20:40 | INFO     | OrderManager    | Order #353: BUY 10 AAPL @ 100
22:20:40 | INFO     | OrderManager    | Order #354: BUY 10 AAPL @ 100
22:20:40 | INFO     | OrderManager    | Order #355: BUY 10 AAPL @ 100
22:20:40 | INFO     | OrderManager    | Order #356: BUY 10 AAPL @ 100
22:20:40 | INFO     | OrderManager    | Order #357: BUY 10 AAPL @ 100
22:20:40 | INFO     | OrderManager    | Order #358: BUY 10 AAPL @ 100
22:20:40 | INFO     | OrderManager    | Order #359: BUY 10 AAPL @ 100
22:20:40 | INFO     | OrderManager    | Order #360: BUY 10 AAPL @ 100
22:20:40 | INFO     | OrderManager    | Order #361: BUY 10 AAPL @ 100
22:20:40 | INFO     | OrderManager    | Order #362: BUY 10 AAPL @ 100
22:20:40 | INFO     | OrderManager    | Order #363: BUY 10 AAPL @ 100
22:20:40 | INFO     | OrderManager    | Order #364: BUY 10 AAPL @ 100
22:20:40 | INFO     | OrderManager    | Order #365: BUY 10 AAPL @ 100
22:20:40 | INFO     | OrderManager    | Order #366: BUY 10 AAPL @ 100
22:20:40 | INFO     | OrderManager    | Order #367: BUY 10 AAPL @ 100
22:20:40 | INFO     | OrderManager    | Order #368: BUY 10 AAPL @ 100
22:20:40 | INFO     | OrderManager    | Order #369: BUY 10 AAPL @ 100
22:20:40 | INFO     | OrderManager    | Order #370: BUY 10 AAPL @ 100
22:20:40 | INFO     | OrderManager    | Order #371: BUY 10 AAPL @ 100
22:20:40 | INFO     | OrderManager    | Order #372: BUY 10 AAPL @ 100
22:20:40 | INFO     | OrderManager    | Order #373: BUY 10 AAPL @ 100
22:20:40 | INFO     | OrderManager    | Order #374: BUY 10 AAPL @ 100
22:20:40 | INFO     | OrderManager    | Order #375: BUY 10 AAPL @ 100
22:20:40 | INFO     | OrderManager    | Order #376: BUY 10 AAPL @ 100
22:20:40 | INFO     | OrderManager    | Order #377: BUY 10 AAPL @ 100
22:20:40 | INFO     | OrderManager    | Order #378: BUY 10 AAPL @ 100
22:20:40 | INFO     | OrderManager    | Order #379: BUY 10 AAPL @ 100
22:20:40 | INFO     | OrderManager    | Order #380: BUY 10 AAPL @ 100
22:20:40 | INFO     | OrderManager    | Order #381: BUY 10 AAPL @ 100
22:20:40 | INFO     | OrderManager    | Order #382: BUY 10 AAPL @ 100
22:20:40 | INFO     | OrderManager    | Order #383: BUY 10 AAPL @ 100
22:20:40 | INFO     | OrderManager    | Order #384: BUY 10 AAPL @ 100
22:20:40 | INFO     | OrderManager    | Order #385: BUY 10 AAPL @ 100
22:20:40 | INFO     | OrderManager    | Order #386: BUY 10 AAPL @ 100
22:20:40 | INFO     | OrderManager    | Order #387: BUY 10 AAPL @ 100
22:20:40 | INFO     | OrderManager    | Order #388: BUY 10 AAPL @ 100
22:20:40 | INFO     | OrderManager    | Order #389: BUY 10 AAPL @ 100
22:20:40 | INFO     | OrderManager    | Order #390: BUY 10 AAPL @ 100
22:20:40 | INFO     | OrderManager    | Order #391: BUY 10 AAPL @ 100
22:20:40 | INFO     | OrderManager    | Order #392: BUY 10 AAPL @ 100
22:20:40 | INFO     | OrderManager    | Order #393: BUY 10 AAPL @ 100
22:20:40 | INFO     | OrderManager    | Order #394: BUY 10 AAPL @ 100
22:20:40 | INFO     | OrderManager    | Order #395: BUY 10 AAPL @ 100
22:20:40 | INFO     | OrderManager    | Order #396: BUY 10 AAPL @ 100
22:20:40 | INFO     | OrderManager    | Order #397: BUY 10 AAPL @ 100
22:20:40 | INFO     | OrderManager    | Order #398: BUY 10 AAPL @ 100
22:20:40 | INFO     | OrderManager    | Order #399: BUY 10 AAPL @ 100
22:20:40 | INFO     | OrderManager    | Order #400: BUY 10 AAPL @ 100
22:20:40 | INFO     | OrderManager    | Order #401: BUY 10 AAPL @ 100
22:20:40 | INFO     | OrderManager    | Order #402: BUY 10 AAPL @ 100
22:20:40 | INFO     | OrderManager    | Order #403: BUY 10 AAPL @ 100
22:20:40 | INFO     | OrderManager    | Order #404: BUY 10 AAPL @ 100
22:20:40 | INFO     | OrderManager    | Order #405: BUY 10 AAPL @ 100
22:20:40 | INFO     | OrderManager    | Order #406: BUY 10 AAPL @ 100
22:20:40 | INFO     | OrderManager    | Order #407: BUY 10 AAPL @ 100
22:20:40 | INFO     | OrderManager    | Order #408: BUY 10 AAPL @ 100
22:20:40 | INFO     | OrderManager    | Order #409: BUY 10 AAPL @ 100
22:20:40 | INFO     | OrderManager    | Order #410: BUY 10 AAPL @ 100
22:20:40 | INFO     | OrderManager    | Order #411: BUY 10 AAPL @ 100
22:20:40 | INFO     | OrderManager    | Order #412: BUY 10 AAPL @ 100
22:20:40 | INFO     | OrderManager    | Order #413: BUY 10 AAPL @ 100
22:20:40 | INFO     | OrderManager    | Order #414: BUY 10 AAPL @ 100
22:20:40 | INFO     | OrderManager    | Order #415: BUY 10 AAPL @ 100
22:20:40 | INFO     | OrderManager    | Order #416: BUY 10 AAPL @ 100
22:20:40 | INFO     | OrderManager    | Order #417: BUY 10 AAPL @ 100
22:20:40 | INFO     | OrderManager    | Order #418: BUY 10 AAPL @ 100
22:20:40 | INFO     | OrderManager    | Order #419: BUY 10 AAPL @ 100
22:20:40 | INFO     | OrderManager    | Order #420: BUY 10 AAPL @ 100
22:20:40 | INFO     | OrderManager    | Order #421: BUY 10 AAPL @ 100
22:20:40 | INFO     | OrderManager    | Order #422: BUY 10 AAPL @ 100
22:20:40 | INFO     | OrderManager    | Order #423: BUY 10 AAPL @ 100
22:20:40 | INFO     | OrderManager    | Order #424: BUY 10 AAPL @ 100
22:20:40 | INFO     | OrderManager    | Order #425: BUY 10 AAPL @ 100
22:20:40 | INFO     | OrderManager    | Order #426: BUY 10 AAPL @ 100
22:20:40 | INFO     | OrderManager    | Order #427: BUY 10 AAPL @ 100
22:20:40 | INFO     | OrderManager    | Order #428: BUY 10 AAPL @ 100
22:20:40 | INFO     | OrderManager    | Order #429: BUY 10 AAPL @ 100
22:20:40 | INFO     | OrderManager    | Order #430: BUY 10 AAPL @ 100
22:20:40 | INFO     | OrderManager    | Order #431: BUY 10 AAPL @ 100
22:20:40 | INFO     | OrderManager    | Order #432: BUY 10 AAPL @ 100
22:20:40 | INFO     | OrderManager    | Order #433: BUY 10 AAPL @ 100
22:20:40 | INFO     | OrderManager    | Order #434: BUY 10 AAPL @ 100
22:20:40 | INFO     | OrderManager    | Order #435: BUY 10 AAPL @ 100
22:20:40 | INFO     | OrderManager    | Order #436: BUY 10 AAPL @ 100
22:20:40 | INFO     | OrderManager    | Order #437: BUY 10 AAPL @ 100
22:20:40 | INFO     | OrderManager    | Order #438: BUY 10 AAPL @ 100
22:20:40 | INFO     | OrderManager    | Order #439: BUY 10 AAPL @ 100
22:20:40 | INFO     | OrderManager    | Order #440: BUY 10 AAPL @ 100
22:20:40 | INFO     | OrderManager    | Order #441: BUY 10 AAPL @ 100
22:20:40 | INFO     | OrderManager    | Order #442: BUY 10 AAPL @ 100
22:20:40 | INFO     | OrderManager    | Order #443: BUY 10 AAPL @ 100
22:20:40 | INFO     | OrderManager    | Order #444: BUY 10 AAPL @ 100
22:20:40 | INFO     | OrderManager    | Order #445: BUY 10 AAPL @ 100
22:20:40 | INFO     | OrderManager    | Order #446: BUY 10 AAPL @ 100
22:20:40 | INFO     | OrderManager    | Order #447: BUY 10 AAPL @ 100
22:20:40 | INFO     | OrderManager    | Order #448: BUY 10 AAPL @ 100
22:20:40 | INFO     | OrderManager    | Order #449: BUY 10 AAPL @ 100
22:20:40 | INFO     | OrderManager    | Order #450: BUY 10 AAPL @ 100
22:20:40 | INFO     | OrderManager    | Order #451: BUY 10 AAPL @ 100
22:20:40 | INFO     | OrderManager    | Order #452: BUY 10 AAPL @ 100
22:20:40 | INFO     | OrderManager    | Order #453: BUY 10 AAPL @ 100
22:20:40 | INFO     | OrderManager    | Order #454: BUY 10 AAPL @ 100
22:20:40 | INFO     | OrderManager    | Order #455: BUY 10 AAPL @ 100
22:20:40 | INFO     | OrderManager    | Order #456: BUY 10 AAPL @ 100
22:20:40 | INFO     | OrderManager    | Order #457: BUY 10 AAPL @ 100
22:20:40 | INFO     | OrderManager    | Order #458: BUY 10 AAPL @ 100
22:20:40 | INFO     | OrderManager    | Order #459: BUY 10 AAPL @ 100
22:20:40 | INFO     | OrderManager    | Order #460: BUY 10 AAPL @ 100
22:20:40 | INFO     | OrderManager    | Order #461: BUY 10 AAPL @ 100
22:20:40 | INFO     | OrderManager    | Order #462: BUY 10 AAPL @ 100
22:20:40 | INFO     | OrderManager    | Order #463: BUY 10 AAPL @ 100
22:20:40 | INFO     | OrderManager    | Order #464: BUY 10 AAPL @ 100
22:20:40 | INFO     | OrderManager    | Order #465: BUY 10 AAPL @ 100
22:20:40 | INFO     | OrderManager    | Order #466: BUY 10 AAPL @ 100
22:20:40 | INFO     | OrderManager    | Order #467: BUY 10 AAPL @ 100
22:20:40 | INFO     | OrderManager    | Order #468: BUY 10 AAPL @ 100
22:20:40 | INFO     | OrderManager    | Order #469: BUY 10 AAPL @ 100
22:20:40 | INFO     | OrderManager    | Order #470: BUY 10 AAPL @ 100
22:20:40 | INFO     | OrderManager    | Order #471: BUY 10 AAPL @ 100
22:20:40 | INFO     | OrderManager    | Order #472: BUY 10 AAPL @ 100
22:20:40 | INFO     | OrderManager    | Order #473: BUY 10 AAPL @ 100
22:20:40 | INFO     | OrderManager    | Order #474: BUY 10 AAPL @ 100
22:20:41 | INFO     | OrderManager    | Order #475: BUY 10 AAPL @ 100
22:20:41 | INFO     | OrderManager    | Order #476: BUY 10 AAPL @ 100
22:20:41 | INFO     | OrderManager    | Order #477: BUY 10 AAPL @ 100
22:20:41 | INFO     | OrderManager    | Order #478: BUY 10 AAPL @ 100
22:20:41 | INFO     | OrderManager    | Order #479: BUY 10 AAPL @ 100
22:20:41 | INFO     | OrderManager    | Order #480: BUY 10 AAPL @ 100
22:20:41 | INFO     | OrderManager    | Order #481: BUY 10 AAPL @ 100
22:20:41 | INFO     | OrderManager    | Order #482: BUY 10 AAPL @ 100
22:20:41 | INFO     | OrderManager    | Order #483: BUY 10 AAPL @ 100
22:20:41 | INFO     | OrderManager    | Order #484: BUY 10 AAPL @ 100
22:20:41 | INFO     | OrderManager    | Order #485: BUY 10 AAPL @ 100
22:20:41 | INFO     | OrderManager    | Order #486: BUY 10 AAPL @ 100
22:20:41 | INFO     | OrderManager    | Order #487: BUY 10 AAPL @ 100
22:20:41 | INFO     | OrderManager    | Order #488: BUY 10 AAPL @ 100
22:20:41 | INFO     | OrderManager    | Order #489: BUY 10 AAPL @ 100
22:20:41 | INFO     | OrderManager    | Order #490: BUY 10 AAPL @ 100
22:20:41 | INFO     | OrderManager    | Order #491: BUY 10 AAPL @ 100
22:20:41 | INFO     | OrderManager    | Order #492: BUY 10 AAPL @ 100
22:20:41 | INFO     | OrderManager    | Order #493: BUY 10 AAPL @ 100
22:20:41 | INFO     | OrderManager    | Order #494: BUY 10 AAPL @ 100
22:20:41 | INFO     | OrderManager    | Order #495: BUY 10 AAPL @ 100
22:20:41 | INFO     | OrderManager    | Order #496: BUY 10 AAPL @ 100
22:20:41 | INFO     | OrderManager    | Order #497: BUY 10 AAPL @ 100
22:20:41 | INFO     | OrderManager    | Order #498: BUY 10 AAPL @ 100
22:20:41 | INFO     | OrderManager    | Order #499: BUY 10 AAPL @ 100
22:20:41 | INFO     | OrderManager    | Order #500: BUY 10 AAPL @ 100
22:20:41 | INFO     | OrderManager    | Order #501: BUY 10 AAPL @ 100
22:20:41 | INFO     | OrderManager    | Order #502: BUY 10 AAPL @ 100
22:20:41 | INFO     | OrderManager    | Order #503: BUY 10 AAPL @ 100
22:20:41 | INFO     | OrderManager    | Order #504: BUY 10 AAPL @ 100
22:20:41 | INFO     | OrderManager    | Order #505: BUY 10 AAPL @ 100
22:20:41 | INFO     | OrderManager    | Order #506: BUY 10 AAPL @ 100
22:20:41 | INFO     | OrderManager    | Order #507: BUY 10 AAPL @ 100
22:20:41 | INFO     | OrderManager    | Order #508: BUY 10 AAPL @ 100
22:20:41 | INFO     | OrderManager    | Order #509: BUY 10 AAPL @ 100
22:20:41 | INFO     | OrderManager    | Order #510: BUY 10 AAPL @ 100
22:20:41 | INFO     | OrderManager    | Order #511: BUY 10 AAPL @ 100
22:20:41 | INFO     | OrderManager    | Order #512: BUY 10 AAPL @ 100
22:20:41 | INFO     | OrderManager    | Order #513: BUY 10 AAPL @ 100
22:20:41 | INFO     | OrderManager    | Order #514: BUY 10 AAPL @ 100
22:20:41 | INFO     | OrderManager    | Order #515: BUY 10 AAPL @ 100
22:20:41 | INFO     | OrderManager    | Order #516: BUY 10 AAPL @ 100
22:20:41 | INFO     | OrderManager    | Order #517: BUY 10 AAPL @ 100
22:20:41 | INFO     | OrderManager    | Order #518: BUY 10 AAPL @ 100
22:20:41 | INFO     | OrderManager    | Order #519: BUY 10 AAPL @ 100
22:20:41 | INFO     | OrderManager    | Order #520: BUY 10 AAPL @ 100
22:20:41 | INFO     | OrderManager    | Order #521: BUY 10 AAPL @ 100
22:20:41 | INFO     | OrderManager    | Order #522: BUY 10 AAPL @ 100
22:20:41 | INFO     | OrderManager    | Order #523: BUY 10 AAPL @ 100
22:20:41 | INFO     | OrderManager    | Order #524: BUY 10 AAPL @ 100
22:20:41 | INFO     | OrderManager    | Order #525: BUY 10 AAPL @ 100
22:20:41 | INFO     | OrderManager    | Order #526: BUY 10 AAPL @ 100
22:20:41 | INFO     | OrderManager    | Order #527: BUY 10 AAPL @ 100
22:20:41 | INFO     | OrderManager    | Order #528: BUY 10 AAPL @ 100
22:20:41 | INFO     | OrderManager    | Order #529: BUY 10 AAPL @ 100
22:20:41 | INFO     | OrderManager    | Order #530: BUY 10 AAPL @ 100
22:20:41 | INFO     | OrderManager    | Order #531: BUY 10 AAPL @ 100
22:20:41 | INFO     | OrderManager    | Order #532: BUY 10 AAPL @ 100
22:20:41 | INFO     | OrderManager    | Order #533: BUY 10 AAPL @ 100
22:20:41 | INFO     | OrderManager    | Order #534: BUY 10 AAPL @ 100
22:20:41 | INFO     | OrderManager    | Order #535: BUY 10 AAPL @ 100
22:20:41 | INFO     | OrderManager    | Order #536: BUY 10 AAPL @ 100
22:20:41 | INFO     | OrderManager    | Order #537: BUY 10 AAPL @ 100
22:20:41 | INFO     | OrderManager    | Order #538: BUY 10 AAPL @ 100
22:20:41 | INFO     | OrderManager    | Order #539: BUY 10 AAPL @ 100
22:20:41 | INFO     | OrderManager    | Order #540: BUY 10 AAPL @ 100
22:20:41 | INFO     | OrderManager    | Order #541: BUY 10 AAPL @ 100
22:20:41 | INFO     | OrderManager    | Order #542: BUY 10 AAPL @ 100
22:20:41 | INFO     | OrderManager    | Order #543: BUY 10 AAPL @ 100
22:20:41 | INFO     | OrderManager    | Order #544: BUY 10 AAPL @ 100
22:20:41 | INFO     | OrderManager    | Order #545: BUY 10 AAPL @ 100
22:20:41 | INFO     | OrderManager    | Order #546: BUY 10 AAPL @ 100
22:20:41 | INFO     | OrderManager    | Order #547: BUY 10 AAPL @ 100
22:20:41 | INFO     | OrderManager    | Order #548: BUY 10 AAPL @ 100
22:20:41 | INFO     | OrderManager    | Order #549: BUY 10 AAPL @ 100
22:20:41 | INFO     | OrderManager    | Order #550: BUY 10 AAPL @ 100
22:20:41 | INFO     | OrderManager    | Order #551: BUY 10 AAPL @ 100
22:20:41 | INFO     | OrderManager    | Order #552: BUY 10 AAPL @ 100
22:20:41 | INFO     | OrderManager    | Order #553: BUY 10 AAPL @ 100
22:20:41 | INFO     | OrderManager    | Order #554: BUY 10 AAPL @ 100
22:20:41 | INFO     | OrderManager    | Order #555: BUY 10 AAPL @ 100
22:20:41 | INFO     | OrderManager    | Order #556: BUY 10 AAPL @ 100
22:20:41 | INFO     | OrderManager    | Order #557: BUY 10 AAPL @ 100
22:20:41 | INFO     | OrderManager    | Order #558: BUY 10 AAPL @ 100
22:20:41 | INFO     | OrderManager    | Order #559: BUY 10 AAPL @ 100
22:20:41 | INFO     | OrderManager    | Order #560: BUY 10 AAPL @ 100
22:20:41 | INFO     | OrderManager    | Order #561: BUY 10 AAPL @ 100
22:20:41 | INFO     | OrderManager    | Order #562: BUY 10 AAPL @ 100
22:20:41 | INFO     | OrderManager    | Order #563: BUY 10 AAPL @ 100
22:20:41 | INFO     | OrderManager    | Order #564: BUY 10 AAPL @ 100
22:20:41 | INFO     | OrderManager    | Order #565: BUY 10 AAPL @ 100
22:20:41 | INFO     | OrderManager    | Order #566: BUY 10 AAPL @ 100
22:20:41 | INFO     | OrderManager    | Order #567: BUY 10 AAPL @ 100
22:20:41 | INFO     | OrderManager    | Order #568: BUY 10 AAPL @ 100
22:20:41 | INFO     | OrderManager    | Order #569: BUY 10 AAPL @ 100
22:20:41 | INFO     | OrderManager    | Order #570: BUY 10 AAPL @ 100
22:20:41 | INFO     | OrderManager    | Order #571: BUY 10 AAPL @ 100
22:20:41 | INFO     | OrderManager    | Order #572: BUY 10 AAPL @ 100
22:20:41 | INFO     | OrderManager    | Order #573: BUY 10 AAPL @ 100
22:20:41 | INFO     | OrderManager    | Order #574: BUY 10 AAPL @ 100
22:20:41 | INFO     | OrderManager    | Order #575: BUY 10 AAPL @ 100
22:20:41 | INFO     | OrderManager    | Order #576: BUY 10 AAPL @ 100
22:20:41 | INFO     | OrderManager    | Order #577: BUY 10 AAPL @ 100
22:20:41 | INFO     | OrderManager    | Order #578: BUY 10 AAPL @ 100
22:20:41 | INFO     | OrderManager    | Order #579: BUY 10 AAPL @ 100
22:20:41 | INFO     | OrderManager    | Order #580: BUY 10 AAPL @ 100
22:20:41 | INFO     | OrderManager    | Order #581: BUY 10 AAPL @ 100
22:20:41 | INFO     | OrderManager    | Order #582: BUY 10 AAPL @ 100
22:20:41 | INFO     | OrderManager    | Order #583: BUY 10 AAPL @ 100
22:20:41 | INFO     | OrderManager    | Order #584: BUY 10 AAPL @ 100
22:20:41 | INFO     | OrderManager    | Order #585: BUY 10 AAPL @ 100
22:20:41 | INFO     | OrderManager    | Order #586: BUY 10 AAPL @ 100
22:20:41 | INFO     | OrderManager    | Order #587: BUY 10 AAPL @ 100
22:20:41 | INFO     | OrderManager    | Order #588: BUY 10 AAPL @ 100
22:20:41 | INFO     | OrderManager    | Order #589: BUY 10 AAPL @ 100
22:20:41 | INFO     | OrderManager    | Order #590: BUY 10 AAPL @ 100
22:20:41 | INFO     | OrderManager    | Order #591: BUY 10 AAPL @ 100
22:20:41 | INFO     | OrderManager    | Order #592: BUY 10 AAPL @ 100
22:20:41 | INFO     | OrderManager    | Order #593: BUY 10 AAPL @ 100
22:20:41 | INFO     | OrderManager    | Order #594: BUY 10 AAPL @ 100
22:20:41 | INFO     | OrderManager    | Order #595: BUY 10 AAPL @ 100
22:20:41 | INFO     | OrderManager    | Order #596: BUY 10 AAPL @ 100
22:20:41 | INFO     | OrderManager    | Order #597: BUY 10 AAPL @ 100
22:20:41 | INFO     | OrderManager    | Order #598: BUY 10 AAPL @ 100
22:20:41 | INFO     | OrderManager    | Order #599: BUY 10 AAPL @ 100
22:20:41 | INFO     | OrderManager    | Order #600: BUY 10 AAPL @ 100
22:20:41 | INFO     | OrderManager    | Order #601: BUY 10 AAPL @ 100
22:20:41 | INFO     | OrderManager    | Order #602: BUY 10 AAPL @ 100
22:20:41 | INFO     | OrderManager    | Order #603: BUY 10 AAPL @ 100
22:20:41 | INFO     | OrderManager    | Order #604: BUY 10 AAPL @ 100
22:20:41 | INFO     | OrderManager    | Order #605: BUY 10 AAPL @ 100
22:20:41 | INFO     | OrderManager    | Order #606: BUY 10 AAPL @ 100
22:20:41 | INFO     | OrderManager    | Order #607: BUY 10 AAPL @ 100
22:20:41 | INFO     | OrderManager    | Order #608: BUY 10 AAPL @ 100
22:20:41 | INFO     | OrderManager    | Order #609: BUY 10 AAPL @ 100
22:20:41 | INFO     | OrderManager    | Order #610: BUY 10 AAPL @ 100
22:20:41 | INFO     | OrderManager    | Order #611: BUY 10 AAPL @ 100
22:20:41 | INFO     | OrderManager    | Order #612: BUY 10 AAPL @ 100
22:20:41 | INFO     | OrderManager    | Order #613: BUY 10 AAPL @ 100
22:20:41 | INFO     | OrderManager    | Order #614: BUY 10 AAPL @ 100
22:20:41 | INFO     | OrderManager    | Order #615: BUY 10 AAPL @ 100
22:20:41 | INFO     | OrderManager    | Order #616: BUY 10 AAPL @ 100
22:20:41 | INFO     | OrderManager    | Order #617: BUY 10 AAPL @ 100
22:20:41 | INFO     | OrderManager    | Order #618: BUY 10 AAPL @ 100
22:20:41 | INFO     | OrderManager    | Order #619: BUY 10 AAPL @ 100
22:20:41 | INFO     | OrderManager    | Order #620: BUY 10 AAPL @ 100
22:20:41 | INFO     | OrderManager    | Order #621: BUY 10 AAPL @ 100
22:20:41 | INFO     | OrderManager    | Order #622: BUY 10 AAPL @ 100
22:20:41 | INFO     | OrderManager    | Order #623: BUY 10 AAPL @ 100
22:20:41 | INFO     | OrderManager    | Order #624: BUY 10 AAPL @ 100
22:20:41 | INFO     | OrderManager    | Order #625: BUY 10 AAPL @ 100
22:20:41 | INFO     | OrderManager    | Order #626: BUY 10 AAPL @ 100
22:20:41 | INFO     | OrderManager    | Order #627: BUY 10 AAPL @ 100
22:20:41 | INFO     | OrderManager    | Order #628: BUY 10 AAPL @ 100
22:20:41 | INFO     | OrderManager    | Order #629: BUY 10 AAPL @ 100
22:20:41 | INFO     | OrderManager    | Order #630: BUY 10 AAPL @ 100
22:20:41 | INFO     | OrderManager    | Order #631: BUY 10 AAPL @ 100
22:20:41 | INFO     | OrderManager    | Order #632: BUY 10 AAPL @ 100
22:20:41 | INFO     | OrderManager    | Order #633: BUY 10 AAPL @ 100
22:20:41 | INFO     | OrderManager    | Order #634: BUY 10 AAPL @ 100
22:20:41 | INFO     | OrderManager    | Order #635: BUY 10 AAPL @ 100
22:20:41 | INFO     | OrderManager    | Order #636: BUY 10 AAPL @ 100
22:20:41 | INFO     | OrderManager    | Order #637: BUY 10 AAPL @ 100
22:20:41 | INFO     | OrderManager    | Order #638: BUY 10 AAPL @ 100
22:20:41 | INFO     | OrderManager    | Order #639: BUY 10 AAPL @ 100
22:20:41 | INFO     | OrderManager    | Order #640: BUY 10 AAPL @ 100
22:20:41 | INFO     | OrderManager    | Order #641: BUY 10 AAPL @ 100
22:20:41 | INFO     | OrderManager    | Order #642: BUY 10 AAPL @ 100
22:20:41 | INFO     | OrderManager    | Order #643: BUY 10 AAPL @ 100
22:20:41 | INFO     | OrderManager    | Order #644: BUY 10 AAPL @ 100
22:20:41 | INFO     | OrderManager    | Order #645: BUY 10 AAPL @ 100
22:20:41 | INFO     | OrderManager    | Order #646: BUY 10 AAPL @ 100
22:20:41 | INFO     | OrderManager    | Order #647: BUY 10 AAPL @ 100
22:20:41 | INFO     | OrderManager    | Order #648: BUY 10 AAPL @ 100
22:20:41 | INFO     | OrderManager    | Order #649: BUY 10 AAPL @ 100
22:20:41 | INFO     | OrderManager    | Order #650: BUY 10 AAPL @ 100
22:20:41 | INFO     | OrderManager    | Order #651: BUY 10 AAPL @ 100
22:20:41 | INFO     | OrderManager    | Order #652: BUY 10 AAPL @ 100
22:20:41 | INFO     | OrderManager    | Order #653: BUY 10 AAPL @ 100
22:20:41 | INFO     | OrderManager    | Order #654: BUY 10 AAPL @ 100
22:20:41 | INFO     | OrderManager    | Order #655: BUY 10 AAPL @ 100
22:20:41 | INFO     | OrderManager    | Order #656: BUY 10 AAPL @ 100
22:20:41 | INFO     | OrderManager    | Order #657: BUY 10 AAPL @ 100
22:20:41 | INFO     | OrderManager    | Order #658: BUY 10 AAPL @ 100
22:20:41 | INFO     | OrderManager    | Order #659: BUY 10 AAPL @ 100
22:20:41 | INFO     | OrderManager    | Order #660: BUY 10 AAPL @ 100
22:20:41 | INFO     | OrderManager    | Order #661: BUY 10 AAPL @ 100
22:20:41 | INFO     | OrderManager    | Order #662: BUY 10 AAPL @ 100
22:20:41 | INFO     | OrderManager    | Order #663: BUY 10 AAPL @ 100
22:20:41 | INFO     | OrderManager    | Order #664: BUY 10 AAPL @ 100
22:20:41 | INFO     | OrderManager    | Order #665: BUY 10 AAPL @ 100
22:20:41 | INFO     | OrderManager    | Order #666: BUY 10 AAPL @ 100
22:20:41 | INFO     | OrderManager    | Order #667: BUY 10 AAPL @ 100
22:20:41 | INFO     | OrderManager    | Order #668: BUY 10 AAPL @ 100
22:20:41 | INFO     | OrderManager    | Order #669: BUY 10 AAPL @ 100
22:20:41 | INFO     | OrderManager    | Order #670: BUY 10 AAPL @ 100
22:20:41 | INFO     | OrderManager    | Order #671: BUY 10 AAPL @ 100
22:20:41 | INFO     | OrderManager    | Order #672: BUY 10 AAPL @ 100
22:20:41 | INFO     | OrderManager    | Order #673: BUY 10 AAPL @ 100
22:20:41 | INFO     | OrderManager    | Order #674: BUY 10 AAPL @ 100
22:20:41 | INFO     | OrderManager    | Order #675: BUY 10 AAPL @ 100
22:20:41 | INFO     | OrderManager    | Order #676: BUY 10 AAPL @ 100
22:20:41 | INFO     | OrderManager    | Order #677: BUY 10 AAPL @ 100
22:20:41 | INFO     | OrderManager    | Order #678: BUY 10 AAPL @ 100
22:20:41 | INFO     | OrderManager    | Order #679: BUY 10 AAPL @ 100
22:20:41 | INFO     | OrderManager    | Order #680: BUY 10 AAPL @ 100
22:20:41 | INFO     | OrderManager    | Order #681: BUY 10 AAPL @ 100
22:20:41 | INFO     | OrderManager    | Order #682: BUY 10 AAPL @ 100
22:20:41 | INFO     | OrderManager    | Order #683: BUY 10 AAPL @ 100
22:20:41 | INFO     | OrderManager    | Order #684: BUY 10 AAPL @ 100
22:20:41 | INFO     | OrderManager    | Order #685: BUY 10 AAPL @ 100
22:20:41 | INFO     | OrderManager    | Order #686: BUY 10 AAPL @ 100
22:20:41 | INFO     | OrderManager    | Order #687: BUY 10 AAPL @ 100
22:20:41 | INFO     | OrderManager    | Order #688: BUY 10 AAPL @ 100
22:20:41 | INFO     | OrderManager    | Order #689: BUY 10 AAPL @ 100
22:20:41 | INFO     | OrderManager    | Order #690: BUY 10 AAPL @ 100
22:20:41 | INFO     | OrderManager    | Order #691: BUY 10 AAPL @ 100
22:20:41 | INFO     | OrderManager    | Order #692: BUY 10 AAPL @ 100
22:20:41 | INFO     | OrderManager    | Order #693: BUY 10 AAPL @ 100
22:20:41 | INFO     | OrderManager    | Order #694: BUY 10 AAPL @ 100
22:20:41 | INFO     | OrderManager    | Order #695: BUY 10 AAPL @ 100
22:20:41 | INFO     | OrderManager    | Order #696: BUY 10 AAPL @ 100
22:20:41 | INFO     | OrderManager    | Order #697: BUY 10 AAPL @ 100
22:20:41 | INFO     | OrderManager    | Order #698: BUY 10 AAPL @ 100
22:20:41 | INFO     | OrderManager    | Order #699: BUY 10 AAPL @ 100
22:20:41 | INFO     | OrderManager    | Order #700: BUY 10 AAPL @ 100
22:20:41 | INFO     | OrderManager    | Order #701: BUY 10 AAPL @ 100
22:20:41 | INFO     | OrderManager    | Order #702: BUY 10 AAPL @ 100
22:20:41 | INFO     | OrderManager    | Order #703: BUY 10 AAPL @ 100
22:20:41 | INFO     | OrderManager    | Order #704: BUY 10 AAPL @ 100
22:20:41 | INFO     | OrderManager    | Order #705: BUY 10 AAPL @ 100
22:20:41 | INFO     | OrderManager    | Order #706: BUY 10 AAPL @ 100
22:20:41 | INFO     | OrderManager    | Order #707: BUY 10 AAPL @ 100
22:20:41 | INFO     | OrderManager    | Order #708: BUY 10 AAPL @ 100
22:20:41 | INFO     | OrderManager    | Order #709: BUY 10 AAPL @ 100
22:20:41 | INFO     | OrderManager    | Order #710: BUY 10 AAPL @ 100
22:20:41 | INFO     | OrderManager    | Order #711: BUY 10 AAPL @ 100
22:20:41 | INFO     | OrderManager    | Order #712: BUY 10 AAPL @ 100
22:20:41 | INFO     | OrderManager    | Order #713: BUY 10 AAPL @ 100
22:20:41 | INFO     | OrderManager    | Order #714: BUY 10 AAPL @ 100
22:20:41 | INFO     | OrderManager    | Order #715: BUY 10 AAPL @ 100
22:20:41 | INFO     | OrderManager    | Order #716: BUY 10 AAPL @ 100
22:20:41 | INFO     | OrderManager    | Order #717: BUY 10 AAPL @ 100
22:20:41 | INFO     | OrderManager    | Order #718: BUY 10 AAPL @ 100
22:20:41 | INFO     | OrderManager    | Order #719: BUY 10 AAPL @ 100
22:20:41 | INFO     | OrderManager    | Order #720: BUY 10 AAPL @ 100
22:20:41 | INFO     | OrderManager    | Order #721: BUY 10 AAPL @ 100
22:20:41 | INFO     | OrderManager    | Order #722: BUY 10 AAPL @ 100
22:20:41 | INFO     | OrderManager    | Order #723: BUY 10 AAPL @ 100
22:20:41 | INFO     | OrderManager    | Order #724: BUY 10 AAPL @ 100
22:20:41 | INFO     | OrderManager    | Order #725: BUY 10 AAPL @ 100
22:20:41 | INFO     | OrderManager    | Order #726: BUY 10 AAPL @ 100
22:20:41 | INFO     | OrderManager    | Order #727: BUY 10 AAPL @ 100
22:20:41 | INFO     | OrderManager    | Order #728: BUY 10 AAPL @ 100
22:20:41 | INFO     | OrderManager    | Order #729: BUY 10 AAPL @ 100
22:20:41 | INFO     | OrderManager    | Order #730: BUY 10 AAPL @ 100
22:20:41 | INFO     | OrderManager    | Order #731: BUY 10 AAPL @ 100
22:20:42 | INFO     | OrderManager    | Order #732: BUY 10 AAPL @ 100
22:20:42 | INFO     | OrderManager    | Order #733: BUY 10 AAPL @ 100
22:20:42 | INFO     | OrderManager    | Order #734: BUY 10 AAPL @ 100
22:20:42 | INFO     | OrderManager    | Order #735: BUY 10 AAPL @ 100
22:20:42 | INFO     | OrderManager    | Order #736: BUY 10 AAPL @ 100
22:20:42 | INFO     | OrderManager    | Order #737: BUY 10 AAPL @ 100
22:20:42 | INFO     | OrderManager    | Order #738: BUY 10 AAPL @ 100
22:20:42 | INFO     | OrderManager    | Order #739: BUY 10 AAPL @ 100
22:20:42 | INFO     | OrderManager    | Order #740: BUY 10 AAPL @ 100
22:20:42 | INFO     | OrderManager    | Order #741: BUY 10 AAPL @ 100
22:20:42 | INFO     | OrderManager    | Order #742: BUY 10 AAPL @ 100
22:20:42 | INFO     | OrderManager    | Order #743: BUY 10 AAPL @ 100
22:20:42 | INFO     | OrderManager    | Order #744: BUY 10 AAPL @ 100
22:20:42 | INFO     | OrderManager    | Order #745: BUY 10 AAPL @ 100
22:20:42 | INFO     | OrderManager    | Order #746: BUY 10 AAPL @ 100
22:20:42 | INFO     | OrderManager    | Order #747: BUY 10 AAPL @ 100
22:20:42 | INFO     | OrderManager    | Order #748: BUY 10 AAPL @ 100
22:20:42 | INFO     | OrderManager    | Order #749: BUY 10 AAPL @ 100
22:20:42 | INFO     | OrderManager    | Order #750: BUY 10 AAPL @ 100
22:20:42 | INFO     | OrderManager    | Order #751: BUY 10 AAPL @ 100
22:20:42 | INFO     | OrderManager    | Order #752: BUY 10 AAPL @ 100
22:20:42 | INFO     | OrderManager    | Order #753: BUY 10 AAPL @ 100
22:20:42 | INFO     | OrderManager    | Order #754: BUY 10 AAPL @ 100
22:20:42 | INFO     | OrderManager    | Order #755: BUY 10 AAPL @ 100
22:20:42 | INFO     | OrderManager    | Order #756: BUY 10 AAPL @ 100
22:20:42 | INFO     | OrderManager    | Order #757: BUY 10 AAPL @ 100
22:20:42 | INFO     | OrderManager    | Order #758: BUY 10 AAPL @ 100
22:20:42 | INFO     | OrderManager    | Order #759: BUY 10 AAPL @ 100
22:20:42 | INFO     | OrderManager    | Order #760: BUY 10 AAPL @ 100
22:20:42 | INFO     | OrderManager    | Order #761: BUY 10 AAPL @ 100
22:20:42 | INFO     | OrderManager    | Order #762: BUY 10 AAPL @ 100
22:20:42 | INFO     | OrderManager    | Order #763: BUY 10 AAPL @ 100
22:20:42 | INFO     | OrderManager    | Order #764: BUY 10 AAPL @ 100
22:20:42 | INFO     | OrderManager    | Order #765: BUY 10 AAPL @ 100
22:20:42 | INFO     | OrderManager    | Order #766: BUY 10 AAPL @ 100
22:20:42 | INFO     | OrderManager    | Order #767: BUY 10 AAPL @ 100
22:20:42 | INFO     | OrderManager    | Order #768: BUY 10 AAPL @ 100
22:20:42 | INFO     | OrderManager    | Order #769: BUY 10 AAPL @ 100
22:20:42 | INFO     | OrderManager    | Order #770: BUY 10 AAPL @ 100
22:20:42 | INFO     | OrderManager    | Order #771: BUY 10 AAPL @ 100
22:20:42 | INFO     | OrderManager    | Order #772: BUY 10 AAPL @ 100
22:20:42 | INFO     | OrderManager    | Order #773: BUY 10 AAPL @ 100
22:20:42 | INFO     | OrderManager    | Order #774: BUY 10 AAPL @ 100
22:20:42 | INFO     | OrderManager    | Order #775: BUY 10 AAPL @ 100
22:20:42 | INFO     | OrderManager    | Order #776: BUY 10 AAPL @ 100
22:20:42 | INFO     | OrderManager    | Order #777: BUY 10 AAPL @ 100
22:20:42 | INFO     | OrderManager    | Order #778: BUY 10 AAPL @ 100
22:20:42 | INFO     | OrderManager    | Order #779: BUY 10 AAPL @ 100
22:20:42 | INFO     | OrderManager    | Order #780: BUY 10 AAPL @ 100
22:20:42 | INFO     | OrderManager    | Order #781: BUY 10 AAPL @ 100
22:20:42 | INFO     | OrderManager    | Order #782: BUY 10 AAPL @ 100
22:20:42 | INFO     | OrderManager    | Order #783: BUY 10 AAPL @ 100
22:20:42 | INFO     | OrderManager    | Order #784: BUY 10 AAPL @ 100
22:20:42 | INFO     | OrderManager    | Order #785: BUY 10 AAPL @ 100
22:20:42 | INFO     | OrderManager    | Order #786: BUY 10 AAPL @ 100
22:20:42 | INFO     | OrderManager    | Order #787: BUY 10 AAPL @ 100
22:20:42 | INFO     | OrderManager    | Order #788: BUY 10 AAPL @ 100
22:20:42 | INFO     | OrderManager    | Order #789: BUY 10 AAPL @ 100
22:20:42 | INFO     | OrderManager    | Order #790: BUY 10 AAPL @ 100
22:20:42 | INFO     | OrderManager    | Order #791: BUY 10 AAPL @ 100
22:20:42 | INFO     | OrderManager    | Order #792: BUY 10 AAPL @ 100
22:20:42 | INFO     | OrderManager    | Order #793: BUY 10 AAPL @ 100
22:20:42 | INFO     | OrderManager    | Order #794: BUY 10 AAPL @ 100
22:20:42 | INFO     | OrderManager    | Order #795: BUY 10 AAPL @ 100
22:20:42 | INFO     | OrderManager    | Order #796: BUY 10 AAPL @ 100
22:20:42 | INFO     | OrderManager    | Order #797: BUY 10 AAPL @ 100
22:20:42 | INFO     | OrderManager    | Order #798: BUY 10 AAPL @ 100
22:20:42 | INFO     | OrderManager    | Order #799: BUY 10 AAPL @ 100
22:20:42 | INFO     | OrderManager    | Order #800: BUY 10 AAPL @ 100
22:20:42 | INFO     | OrderManager    | Order #801: BUY 10 AAPL @ 100
22:20:42 | INFO     | OrderManager    | Order #802: BUY 10 AAPL @ 100
22:20:42 | INFO     | OrderManager    | Order #803: BUY 10 AAPL @ 100
22:20:42 | INFO     | OrderManager    | Order #804: BUY 10 AAPL @ 100
22:20:42 | INFO     | OrderManager    | Order #805: BUY 10 AAPL @ 100
22:20:42 | INFO     | OrderManager    | Order #806: BUY 10 AAPL @ 100
22:20:42 | INFO     | OrderManager    | Order #807: BUY 10 AAPL @ 100
22:20:42 | INFO     | OrderManager    | Order #808: BUY 10 AAPL @ 100
22:20:42 | INFO     | OrderManager    | Order #809: BUY 10 AAPL @ 100
22:20:42 | INFO     | OrderManager    | Order #810: BUY 10 AAPL @ 100
22:20:42 | INFO     | OrderManager    | Order #811: BUY 10 AAPL @ 100
22:20:42 | INFO     | OrderManager    | Order #812: BUY 10 AAPL @ 100
22:20:42 | INFO     | OrderManager    | Order #813: BUY 10 AAPL @ 100
22:20:42 | INFO     | OrderManager    | Order #814: BUY 10 AAPL @ 100
22:20:42 | INFO     | OrderManager    | Order #815: BUY 10 AAPL @ 100
22:20:42 | INFO     | OrderManager    | Order #816: BUY 10 AAPL @ 100
22:20:42 | INFO     | OrderManager    | Order #817: BUY 10 AAPL @ 100
22:20:42 | INFO     | OrderManager    | Order #818: BUY 10 AAPL @ 100
22:20:42 | INFO     | OrderManager    | Order #819: BUY 10 AAPL @ 100
22:20:42 | INFO     | OrderManager    | Order #820: BUY 10 AAPL @ 100
22:20:42 | INFO     | OrderManager    | Order #821: BUY 10 AAPL @ 100
22:20:42 | INFO     | OrderManager    | Order #822: BUY 10 AAPL @ 100
22:20:42 | INFO     | OrderManager    | Order #823: BUY 10 AAPL @ 100
22:20:42 | INFO     | OrderManager    | Order #824: BUY 10 AAPL @ 100
22:20:42 | INFO     | OrderManager    | Order #825: BUY 10 AAPL @ 100
22:20:42 | INFO     | OrderManager    | Order #826: BUY 10 AAPL @ 100
22:20:42 | INFO     | OrderManager    | Order #827: BUY 10 AAPL @ 100
22:20:42 | INFO     | OrderManager    | Order #828: BUY 10 AAPL @ 100
22:20:42 | INFO     | OrderManager    | Order #829: BUY 10 AAPL @ 100
22:20:42 | INFO     | OrderManager    | Order #830: BUY 10 AAPL @ 100
22:20:42 | INFO     | OrderManager    | Order #831: BUY 10 AAPL @ 100
22:20:42 | INFO     | OrderManager    | Order #832: BUY 10 AAPL @ 100
22:20:42 | INFO     | OrderManager    | Order #833: BUY 10 AAPL @ 100
22:20:42 | INFO     | OrderManager    | Order #834: BUY 10 AAPL @ 100
22:20:42 | INFO     | OrderManager    | Order #835: BUY 10 AAPL @ 100
22:20:42 | INFO     | OrderManager    | Order #836: BUY 10 AAPL @ 100
22:20:42 | INFO     | OrderManager    | Order #837: BUY 10 AAPL @ 100
22:20:42 | INFO     | OrderManager    | Order #838: BUY 10 AAPL @ 100
22:20:42 | INFO     | OrderManager    | Order #839: BUY 10 AAPL @ 100
22:20:42 | INFO     | OrderManager    | Order #840: BUY 10 AAPL @ 100
22:20:42 | INFO     | OrderManager    | Order #841: BUY 10 AAPL @ 100
22:20:42 | INFO     | OrderManager    | Order #842: BUY 10 AAPL @ 100
22:20:42 | INFO     | OrderManager    | Order #843: BUY 10 AAPL @ 100
22:20:42 | INFO     | OrderManager    | Order #844: BUY 10 AAPL @ 100
22:20:42 | INFO     | OrderManager    | Order #845: BUY 10 AAPL @ 100
22:20:42 | INFO     | OrderManager    | Order #846: BUY 10 AAPL @ 100
22:20:42 | INFO     | OrderManager    | Order #847: BUY 10 AAPL @ 100
22:20:42 | INFO     | OrderManager    | Order #848: BUY 10 AAPL @ 100
22:20:42 | INFO     | OrderManager    | Order #849: BUY 10 AAPL @ 100
22:20:42 | INFO     | OrderManager    | Order #850: BUY 10 AAPL @ 100
22:20:42 | INFO     | OrderManager    | Order #851: BUY 10 AAPL @ 100
22:20:42 | INFO     | OrderManager    | Order #852: BUY 10 AAPL @ 100
22:20:42 | INFO     | OrderManager    | Order #853: BUY 10 AAPL @ 100
22:20:42 | INFO     | OrderManager    | Order #854: BUY 10 AAPL @ 100
22:20:42 | INFO     | OrderManager    | Order #855: BUY 10 AAPL @ 100
22:20:42 | INFO     | OrderManager    | Order #856: BUY 10 AAPL @ 100
22:20:42 | INFO     | OrderManager    | Order #857: BUY 10 AAPL @ 100
22:20:42 | INFO     | OrderManager    | Order #858: BUY 10 AAPL @ 100
22:20:42 | INFO     | OrderManager    | Order #859: BUY 10 AAPL @ 100
22:20:42 | INFO     | OrderManager    | Order #860: BUY 10 AAPL @ 100
22:20:42 | INFO     | OrderManager    | Order #861: BUY 10 AAPL @ 100
22:20:42 | INFO     | OrderManager    | Order #862: BUY 10 AAPL @ 100
22:20:42 | INFO     | OrderManager    | Order #863: BUY 10 AAPL @ 100
22:20:42 | INFO     | OrderManager    | Order #864: BUY 10 AAPL @ 100
22:20:42 | INFO     | OrderManager    | Order #865: BUY 10 AAPL @ 100
22:20:42 | INFO     | OrderManager    | Order #866: BUY 10 AAPL @ 100
22:20:42 | INFO     | OrderManager    | Order #867: BUY 10 AAPL @ 100
22:20:42 | INFO     | OrderManager    | Order #868: BUY 10 AAPL @ 100
22:20:42 | INFO     | OrderManager    | Order #869: BUY 10 AAPL @ 100
22:20:42 | INFO     | OrderManager    | Order #870: BUY 10 AAPL @ 100
22:20:42 | INFO     | OrderManager    | Order #871: BUY 10 AAPL @ 100
22:20:42 | INFO     | OrderManager    | Order #872: BUY 10 AAPL @ 100
22:20:42 | INFO     | OrderManager    | Order #873: BUY 10 AAPL @ 100
22:20:42 | INFO     | OrderManager    | Order #874: BUY 10 AAPL @ 100
22:20:42 | INFO     | OrderManager    | Order #875: BUY 10 AAPL @ 100
22:20:42 | INFO     | OrderManager    | Order #876: BUY 10 AAPL @ 100
22:20:42 | INFO     | OrderManager    | Order #877: BUY 10 AAPL @ 100
22:20:42 | INFO     | OrderManager    | Order #878: BUY 10 AAPL @ 100
22:20:42 | INFO     | OrderManager    | Order #879: BUY 10 AAPL @ 100
22:20:42 | INFO     | OrderManager    | Order #880: BUY 10 AAPL @ 100
22:20:42 | INFO     | OrderManager    | Order #881: BUY 10 AAPL @ 100
22:20:42 | INFO     | OrderManager    | Order #882: BUY 10 AAPL @ 100
22:20:42 | INFO     | OrderManager    | Order #883: BUY 10 AAPL @ 100
22:20:42 | INFO     | OrderManager    | Order #884: BUY 10 AAPL @ 100
22:20:42 | INFO     | OrderManager    | Order #885: BUY 10 AAPL @ 100
22:20:42 | INFO     | OrderManager    | Order #886: BUY 10 AAPL @ 100
22:20:42 | INFO     | OrderManager    | Order #887: BUY 10 AAPL @ 100
22:20:42 | INFO     | OrderManager    | Order #888: BUY 10 AAPL @ 100
22:20:42 | INFO     | OrderManager    | Order #889: BUY 10 AAPL @ 100
22:20:42 | INFO     | OrderManager    | Order #890: BUY 10 AAPL @ 100
22:20:42 | INFO     | OrderManager    | Order #891: BUY 10 AAPL @ 100
22:20:42 | INFO     | OrderManager    | Order #892: BUY 10 AAPL @ 100
22:20:42 | INFO     | OrderManager    | Order #893: BUY 10 AAPL @ 100
22:20:42 | INFO     | OrderManager    | Order #894: BUY 10 AAPL @ 100
22:20:42 | INFO     | OrderManager    | Order #895: BUY 10 AAPL @ 100
22:20:42 | INFO     | OrderManager    | Order #896: BUY 10 AAPL @ 100
22:20:42 | INFO     | OrderManager    | Order #897: BUY 10 AAPL @ 100
22:20:42 | INFO     | OrderManager    | Order #898: BUY 10 AAPL @ 100
22:20:42 | INFO     | OrderManager    | Order #899: BUY 10 AAPL @ 100
22:20:42 | INFO     | OrderManager    | Order #900: BUY 10 AAPL @ 100
22:20:42 | INFO     | OrderManager    | Order #901: BUY 10 AAPL @ 100
22:20:42 | INFO     | OrderManager    | Order #902: BUY 10 AAPL @ 100
22:20:42 | INFO     | OrderManager    | Order #903: BUY 10 AAPL @ 100
22:20:42 | INFO     | OrderManager    | Order #904: BUY 10 AAPL @ 100
22:20:42 | INFO     | OrderManager    | Order #905: BUY 10 AAPL @ 100
22:20:42 | INFO     | OrderManager    | Order #906: BUY 10 AAPL @ 100
22:20:42 | INFO     | OrderManager    | Order #907: BUY 10 AAPL @ 100
22:20:42 | INFO     | OrderManager    | Order #908: BUY 10 AAPL @ 100
22:20:42 | INFO     | OrderManager    | Order #909: BUY 10 AAPL @ 100
22:20:42 | INFO     | OrderManager    | Order #910: BUY 10 AAPL @ 100
22:20:42 | INFO     | OrderManager    | Order #911: BUY 10 AAPL @ 100
22:20:42 | INFO     | OrderManager    | Order #912: BUY 10 AAPL @ 100
22:20:42 | INFO     | OrderManager    | Order #913: BUY 10 AAPL @ 100
22:20:42 | INFO     | OrderManager    | Order #914: BUY 10 AAPL @ 100
22:20:42 | INFO     | OrderManager    | Order #915: BUY 10 AAPL @ 100
22:20:42 | INFO     | OrderManager    | Order #916: BUY 10 AAPL @ 100
22:20:42 | INFO     | OrderManager    | Order #917: BUY 10 AAPL @ 100
22:20:42 | INFO     | OrderManager    | Order #918: BUY 10 AAPL @ 100
22:20:42 | INFO     | OrderManager    | Order #919: BUY 10 AAPL @ 100
22:20:42 | INFO     | OrderManager    | Order #920: BUY 10 AAPL @ 100
22:20:42 | INFO     | OrderManager    | Order #921: BUY 10 AAPL @ 100
22:20:42 | INFO     | OrderManager    | Order #922: BUY 10 AAPL @ 100
22:20:42 | INFO     | OrderManager    | Order #923: BUY 10 AAPL @ 100
22:20:42 | INFO     | OrderManager    | Order #924: BUY 10 AAPL @ 100
22:20:42 | INFO     | OrderManager    | Order #925: BUY 10 AAPL @ 100
22:20:42 | INFO     | OrderManager    | Order #926: BUY 10 AAPL @ 100
22:20:42 | INFO     | OrderManager    | Order #927: BUY 10 AAPL @ 100
22:20:42 | INFO     | OrderManager    | Order #928: BUY 10 AAPL @ 100
22:20:42 | INFO     | OrderManager    | Order #929: BUY 10 AAPL @ 100
22:20:42 | INFO     | OrderManager    | Order #930: BUY 10 AAPL @ 100
22:20:42 | INFO     | OrderManager    | Order #931: BUY 10 AAPL @ 100
22:20:42 | INFO     | OrderManager    | Order #932: BUY 10 AAPL @ 100
22:20:42 | INFO     | OrderManager    | Order #933: BUY 10 AAPL @ 100
22:20:42 | INFO     | OrderManager    | Order #934: BUY 10 AAPL @ 100
22:20:42 | INFO     | OrderManager    | Order #935: BUY 10 AAPL @ 100
22:20:42 | INFO     | OrderManager    | Order #936: BUY 10 AAPL @ 100
22:20:42 | INFO     | OrderManager    | Order #937: BUY 10 AAPL @ 100
22:20:42 | INFO     | OrderManager    | Order #938: BUY 10 AAPL @ 100
22:20:42 | INFO     | OrderManager    | Order #939: BUY 10 AAPL @ 100
22:20:42 | INFO     | OrderManager    | Order #940: BUY 10 AAPL @ 100
22:20:42 | INFO     | OrderManager    | Order #941: BUY 10 AAPL @ 100
22:20:42 | INFO     | OrderManager    | Order #942: BUY 10 AAPL @ 100
22:20:42 | INFO     | OrderManager    | Order #943: BUY 10 AAPL @ 100
22:20:42 | INFO     | OrderManager    | Order #944: BUY 10 AAPL @ 100
22:20:42 | INFO     | OrderManager    | Order #945: BUY 10 AAPL @ 100
22:20:42 | INFO     | OrderManager    | Order #946: BUY 10 AAPL @ 100
22:20:42 | INFO     | OrderManager    | Order #947: BUY 10 AAPL @ 100
22:20:42 | INFO     | OrderManager    | Order #948: BUY 10 AAPL @ 100
22:20:42 | INFO     | OrderManager    | Order #949: BUY 10 AAPL @ 100
22:20:42 | INFO     | OrderManager    | Order #950: BUY 10 AAPL @ 100
22:20:42 | INFO     | OrderManager    | Order #951: BUY 10 AAPL @ 100
22:20:42 | INFO     | OrderManager    | Order #952: BUY 10 AAPL @ 100
22:20:42 | INFO     | OrderManager    | Order #953: BUY 10 AAPL @ 100
22:20:42 | INFO     | OrderManager    | Order #954: BUY 10 AAPL @ 100
22:20:42 | INFO     | OrderManager    | Order #955: BUY 10 AAPL @ 100
22:20:42 | INFO     | OrderManager    | Order #956: BUY 10 AAPL @ 100
22:20:42 | INFO     | OrderManager    | Order #957: BUY 10 AAPL @ 100
22:20:42 | INFO     | OrderManager    | Order #958: BUY 10 AAPL @ 100
22:20:42 | INFO     | OrderManager    | Order #959: BUY 10 AAPL @ 100
22:20:42 | INFO     | OrderManager    | Order #960: BUY 10 AAPL @ 100
22:20:42 | INFO     | OrderManager    | Order #961: BUY 10 AAPL @ 100
22:20:42 | INFO     | OrderManager    | Order #962: BUY 10 AAPL @ 100
22:20:42 | INFO     | OrderManager    | Order #963: BUY 10 AAPL @ 100
22:20:42 | INFO     | OrderManager    | Order #964: BUY 10 AAPL @ 100
22:20:42 | INFO     | OrderManager    | Order #965: BUY 10 AAPL @ 100
22:20:42 | INFO     | OrderManager    | Order #966: BUY 10 AAPL @ 100
22:20:42 | INFO     | OrderManager    | Order #967: BUY 10 AAPL @ 100
22:20:42 | INFO     | OrderManager    | Order #968: BUY 10 AAPL @ 100
22:20:42 | INFO     | OrderManager    | Order #969: BUY 10 AAPL @ 100
22:20:42 | INFO     | OrderManager    | Order #970: BUY 10 AAPL @ 100
22:20:42 | INFO     | OrderManager    | Order #971: BUY 10 AAPL @ 100
22:20:42 | INFO     | OrderManager    | Order #972: BUY 10 AAPL @ 100
22:20:43 | INFO     | OrderManager    | Order #973: BUY 10 AAPL @ 100
22:20:43 | INFO     | OrderManager    | Order #974: BUY 10 AAPL @ 100
22:20:43 | INFO     | OrderManager    | Order #975: BUY 10 AAPL @ 100
22:20:43 | INFO     | OrderManager    | Order #976: BUY 10 AAPL @ 100
22:20:43 | INFO     | OrderManager    | Order #977: BUY 10 AAPL @ 100
22:20:43 | INFO     | OrderManager    | Order #978: BUY 10 AAPL @ 100
22:20:43 | INFO     | OrderManager    | Order #979: BUY 10 AAPL @ 100
22:20:43 | INFO     | OrderManager    | Order #980: BUY 10 AAPL @ 100
22:20:43 | INFO     | OrderManager    | Order #981: BUY 10 AAPL @ 100
22:20:43 | INFO     | OrderManager    | Order #982: BUY 10 AAPL @ 100
22:20:43 | INFO     | OrderManager    | Order #983: BUY 10 AAPL @ 100
22:20:43 | INFO     | OrderManager    | Order #984: BUY 10 AAPL @ 100
22:20:43 | INFO     | OrderManager    | Order #985: BUY 10 AAPL @ 100
22:20:43 | INFO     | OrderManager    | Order #986: BUY 10 AAPL @ 100
22:20:43 | INFO     | OrderManager    | Order #987: BUY 10 AAPL @ 100
22:20:43 | INFO     | OrderManager    | Order #988: BUY 10 AAPL @ 100
22:20:43 | INFO     | OrderManager    | Order #989: BUY 10 AAPL @ 100
22:20:43 | INFO     | OrderManager    | Order #990: BUY 10 AAPL @ 100
22:20:43 | INFO     | OrderManager    | Order #991: BUY 10 AAPL @ 100
22:20:43 | INFO     | OrderManager    | Order #992: BUY 10 AAPL @ 100
22:20:43 | INFO     | OrderManager    | Order #993: BUY 10 AAPL @ 100
22:20:43 | INFO     | OrderManager    | Order #994: BUY 10 AAPL @ 100
22:20:43 | INFO     | OrderManager    | Order #995: BUY 10 AAPL @ 100
22:20:43 | INFO     | OrderManager    | Order #996: BUY 10 AAPL @ 100
22:20:43 | INFO     | OrderManager    | Order #997: BUY 10 AAPL @ 100
22:20:43 | INFO     | OrderManager    | Order #998: BUY 10 AAPL @ 100
22:20:43 | INFO     | OrderManager    | Order #999: BUY 10 AAPL @ 100
22:20:43 | INFO     | OrderManager    | Order #1000: BUY 10 AAPL @ 100
22:20:43 | INFO     | OrderManager    | Order #1001: BUY 10 AAPL @ 100
22:20:43 | INFO     | OrderManager    | Order #1002: BUY 10 AAPL @ 100
22:20:43 | INFO     | OrderManager    | Order #1003: BUY 10 AAPL @ 100
22:20:43 | INFO     | OrderManager    | Order #1004: BUY 10 AAPL @ 100
22:20:43 | INFO     | OrderManager    | Order #1005: BUY 10 AAPL @ 100
22:20:43 | INFO     | OrderManager    | Order #1006: BUY 10 AAPL @ 100
22:20:43 | INFO     | OrderManager    | Order #1007: BUY 10 AAPL @ 100
22:20:43 | INFO     | OrderManager    | Order #1008: BUY 10 AAPL @ 100
22:20:43 | INFO     | OrderManager    | Order #1009: BUY 10 AAPL @ 100
22:20:43 | INFO     | OrderManager    | Order #1010: BUY 10 AAPL @ 100
22:20:43 | INFO     | OrderManager    | Order #1011: BUY 10 AAPL @ 100
22:20:43 | INFO     | OrderManager    | Order #1012: BUY 10 AAPL @ 100
22:20:43 | INFO     | OrderManager    | Order #1013: BUY 10 AAPL @ 100
22:20:43 | INFO     | OrderManager    | Order #1014: BUY 10 AAPL @ 100
22:20:43 | INFO     | OrderManager    | Order #1015: BUY 10 AAPL @ 100
22:20:43 | INFO     | OrderManager    | Order #1016: BUY 10 AAPL @ 100
22:20:43 | INFO     | OrderManager    | Order #1017: BUY 10 AAPL @ 100
22:20:43 | INFO     | OrderManager    | Order #1018: BUY 10 AAPL @ 100
22:20:43 | INFO     | OrderManager    | Order #1019: BUY 10 AAPL @ 100
22:20:43 | INFO     | OrderManager    | Order #1020: BUY 10 AAPL @ 100
22:20:43 | INFO     | OrderManager    | Order #1021: BUY 10 AAPL @ 100
22:20:43 | INFO     | OrderManager    | Order #1022: BUY 10 AAPL @ 100
22:20:43 | INFO     | OrderManager    | Order #1023: BUY 10 AAPL @ 100
22:20:43 | INFO     | OrderManager    | Order #1024: BUY 10 AAPL @ 100
22:20:43 | INFO     | OrderManager    | Order #1025: BUY 10 AAPL @ 100
22:20:43 | INFO     | OrderManager    | Order #1026: BUY 10 AAPL @ 100
22:20:43 | INFO     | OrderManager    | Order #1027: BUY 10 AAPL @ 100
22:20:43 | INFO     | OrderManager    | Order #1028: BUY 10 AAPL @ 100
22:20:43 | INFO     | OrderManager    | Order #1029: BUY 10 AAPL @ 100
22:20:43 | INFO     | OrderManager    | Order #1030: BUY 10 AAPL @ 100
22:20:43 | INFO     | OrderManager    | Order #1031: BUY 10 AAPL @ 100
22:20:43 | INFO     | OrderManager    | Order #1032: BUY 10 AAPL @ 100
22:20:43 | INFO     | OrderManager    | Order #1033: BUY 10 AAPL @ 100
22:20:43 | INFO     | OrderManager    | Order #1034: BUY 10 AAPL @ 100
22:20:43 | INFO     | OrderManager    | Order #1035: BUY 10 AAPL @ 100
22:20:43 | INFO     | OrderManager    | Order #1036: BUY 10 AAPL @ 100
22:20:43 | INFO     | OrderManager    | Order #1037: BUY 10 AAPL @ 100
22:20:43 | INFO     | OrderManager    | Order #1038: BUY 10 AAPL @ 100
22:20:43 | INFO     | OrderManager    | Order #1039: BUY 10 AAPL @ 100
22:20:43 | INFO     | OrderManager    | Order #1040: BUY 10 AAPL @ 100
22:20:43 | INFO     | OrderManager    | Order #1041: BUY 10 AAPL @ 100
22:20:43 | INFO     | OrderManager    | Order #1042: BUY 10 AAPL @ 100
22:20:43 | INFO     | OrderManager    | Order #1043: BUY 10 AAPL @ 100
22:20:43 | INFO     | OrderManager    | Order #1044: BUY 10 AAPL @ 100
22:20:43 | INFO     | OrderManager    | Order #1045: BUY 10 AAPL @ 100
22:20:43 | INFO     | OrderManager    | Order #1046: BUY 10 AAPL @ 100
22:20:43 | INFO     | OrderManager    | Order #1047: BUY 10 AAPL @ 100
22:20:43 | INFO     | OrderManager    | Order #1048: BUY 10 AAPL @ 100
22:20:43 | INFO     | OrderManager    | Order #1049: BUY 10 AAPL @ 100
22:20:43 | INFO     | OrderManager    | Order #1050: BUY 10 AAPL @ 100
22:20:43 | INFO     | OrderManager    | Order #1051: BUY 10 AAPL @ 100
22:20:43 | INFO     | OrderManager    | Order #1052: BUY 10 AAPL @ 100
22:20:43 | INFO     | OrderManager    | Order #1053: BUY 10 AAPL @ 100
22:20:43 | INFO     | OrderManager    | Order #1054: BUY 10 AAPL @ 100
22:20:43 | INFO     | OrderManager    | Order #1055: BUY 10 AAPL @ 100
22:20:43 | INFO     | OrderManager    | Order #1056: BUY 10 AAPL @ 100
22:20:43 | INFO     | OrderManager    | Order #1057: BUY 10 AAPL @ 100
22:20:43 | INFO     | OrderManager    | Order #1058: BUY 10 AAPL @ 100
22:20:43 | INFO     | OrderManager    | Order #1059: BUY 10 AAPL @ 100
22:20:43 | INFO     | OrderManager    | Order #1060: BUY 10 AAPL @ 100
22:20:43 | INFO     | OrderManager    | Order #1061: BUY 10 AAPL @ 100
22:20:43 | INFO     | OrderManager    | Order #1062: BUY 10 AAPL @ 100
22:20:43 | INFO     | OrderManager    | Order #1063: BUY 10 AAPL @ 100
22:20:43 | INFO     | OrderManager    | Order #1064: BUY 10 AAPL @ 100
22:20:43 | INFO     | OrderManager    | Order #1065: BUY 10 AAPL @ 100
22:20:43 | INFO     | OrderManager    | Order #1066: BUY 10 AAPL @ 100
22:20:43 | INFO     | OrderManager    | Order #1067: BUY 10 AAPL @ 100
22:20:43 | INFO     | OrderManager    | Order #1068: BUY 10 AAPL @ 100
22:20:43 | INFO     | OrderManager    | Order #1069: BUY 10 AAPL @ 100
22:20:43 | INFO     | OrderManager    | Order #1070: BUY 10 AAPL @ 100
22:20:43 | INFO     | OrderManager    | Order #1071: BUY 10 AAPL @ 100
22:20:43 | INFO     | OrderManager    | Order #1072: BUY 10 AAPL @ 100
22:20:43 | INFO     | OrderManager    | Order #1073: BUY 10 AAPL @ 100
22:20:43 | INFO     | OrderManager    | Order #1074: BUY 10 AAPL @ 100
22:20:43 | INFO     | OrderManager    | Order #1075: BUY 10 AAPL @ 100
22:20:43 | INFO     | OrderManager    | Order #1076: BUY 10 AAPL @ 100
22:20:43 | INFO     | OrderManager    | Order #1077: BUY 10 AAPL @ 100
22:20:43 | INFO     | OrderManager    | Order #1078: BUY 10 AAPL @ 100
22:20:43 | INFO     | OrderManager    | Order #1079: BUY 10 AAPL @ 100
22:20:43 | INFO     | OrderManager    | Order #1080: BUY 10 AAPL @ 100
22:20:43 | INFO     | OrderManager    | Order #1081: BUY 10 AAPL @ 100
22:20:43 | INFO     | OrderManager    | Order #1082: BUY 10 AAPL @ 100
22:20:43 | INFO     | OrderManager    | Order #1083: BUY 10 AAPL @ 100
22:20:43 | INFO     | OrderManager    | Order #1084: BUY 10 AAPL @ 100
22:20:43 | INFO     | OrderManager    | Order #1085: BUY 10 AAPL @ 100
22:20:43 | INFO     | OrderManager    | Order #1086: BUY 10 AAPL @ 100
22:20:43 | INFO     | OrderManager    | Order #1087: BUY 10 AAPL @ 100
22:20:43 | INFO     | OrderManager    | Order #1088: BUY 10 AAPL @ 100
22:20:43 | INFO     | OrderManager    | Order #1089: BUY 10 AAPL @ 100
22:20:43 | INFO     | OrderManager    | Order #1090: BUY 10 AAPL @ 100
22:20:43 | INFO     | OrderManager    | Order #1091: BUY 10 AAPL @ 100
22:20:43 | INFO     | OrderManager    | Order #1092: BUY 10 AAPL @ 100
22:20:43 | INFO     | OrderManager    | Order #1093: BUY 10 AAPL @ 100
22:20:43 | INFO     | OrderManager    | Order #1094: BUY 10 AAPL @ 100
22:20:43 | INFO     | OrderManager    | Order #1095: BUY 10 AAPL @ 100
22:20:43 | INFO     | OrderManager    | Order #1096: BUY 10 AAPL @ 100
22:20:43 | INFO     | OrderManager    | Order #1097: BUY 10 AAPL @ 100
22:20:43 | INFO     | OrderManager    | Order #1098: BUY 10 AAPL @ 100
22:20:43 | INFO     | OrderManager    | Order #1099: BUY 10 AAPL @ 100
22:20:43 | INFO     | OrderManager    | Order #1100: BUY 10 AAPL @ 100
22:20:43 | INFO     | OrderManager    | Order #1101: BUY 10 AAPL @ 100
22:20:43 | INFO     | OrderManager    | Order #1102: BUY 10 AAPL @ 100
22:20:43 | INFO     | OrderManager    | Order #1103: BUY 10 AAPL @ 100
22:20:43 | INFO     | OrderManager    | Order #1104: BUY 10 AAPL @ 100
22:20:43 | INFO     | OrderManager    | Order #1105: BUY 10 AAPL @ 100
22:20:43 | INFO     | OrderManager    | Order #1106: BUY 10 AAPL @ 100
22:20:43 | INFO     | OrderManager    | Order #1107: BUY 10 AAPL @ 100
22:20:43 | INFO     | OrderManager    | Order #1108: BUY 10 AAPL @ 100
22:20:43 | INFO     | OrderManager    | Order #1109: BUY 10 AAPL @ 100
22:20:43 | INFO     | OrderManager    | Order #1110: BUY 10 AAPL @ 100
22:20:43 | INFO     | OrderManager    | Order #1111: BUY 10 AAPL @ 100
22:20:43 | INFO     | OrderManager    | Order #1112: BUY 10 AAPL @ 100
22:20:43 | INFO     | OrderManager    | Order #1113: BUY 10 AAPL @ 100
22:20:43 | INFO     | OrderManager    | Order #1114: BUY 10 AAPL @ 100
22:20:43 | INFO     | OrderManager    | Order #1115: BUY 10 AAPL @ 100
22:20:43 | INFO     | OrderManager    | Order #1116: BUY 10 AAPL @ 100
22:20:43 | INFO     | OrderManager    | Order #1117: BUY 10 AAPL @ 100
22:20:43 | INFO     | OrderManager    | Order #1118: BUY 10 AAPL @ 100
22:20:43 | INFO     | OrderManager    | Order #1119: BUY 10 AAPL @ 100
22:20:43 | INFO     | OrderManager    | Order #1120: BUY 10 AAPL @ 100
22:20:43 | INFO     | OrderManager    | Order #1121: BUY 10 AAPL @ 100
22:20:43 | INFO     | OrderManager    | Order #1122: BUY 10 AAPL @ 100
22:20:43 | INFO     | OrderManager    | Order #1123: BUY 10 AAPL @ 100
22:20:43 | INFO     | OrderManager    | Order #1124: BUY 10 AAPL @ 100
22:20:43 | INFO     | OrderManager    | Order #1125: BUY 10 AAPL @ 100
22:20:43 | INFO     | OrderManager    | Order #1126: BUY 10 AAPL @ 100
22:20:43 | INFO     | OrderManager    | Order #1127: BUY 10 AAPL @ 100
22:20:43 | INFO     | OrderManager    | Order #1128: BUY 10 AAPL @ 100
22:20:43 | INFO     | OrderManager    | Order #1129: BUY 10 AAPL @ 100
22:20:43 | INFO     | OrderManager    | Order #1130: BUY 10 AAPL @ 100
22:20:43 | INFO     | OrderManager    | Order #1131: BUY 10 AAPL @ 100
22:20:43 | INFO     | OrderManager    | Order #1132: BUY 10 AAPL @ 100
22:20:43 | INFO     | OrderManager    | Order #1133: BUY 10 AAPL @ 100
22:20:43 | INFO     | OrderManager    | Order #1134: BUY 10 AAPL @ 100
22:20:43 | INFO     | OrderManager    | Order #1135: BUY 10 AAPL @ 100
22:20:43 | INFO     | OrderManager    | Order #1136: BUY 10 AAPL @ 100
22:20:43 | INFO     | OrderManager    | Order #1137: BUY 10 AAPL @ 100
22:20:43 | INFO     | OrderManager    | Order #1138: BUY 10 AAPL @ 100
22:20:43 | INFO     | OrderManager    | Order #1139: BUY 10 AAPL @ 100
22:20:43 | INFO     | OrderManager    | Order #1140: BUY 10 AAPL @ 100
22:20:43 | INFO     | OrderManager    | Order #1141: BUY 10 AAPL @ 100
22:20:43 | INFO     | OrderManager    | Order #1142: BUY 10 AAPL @ 100
22:20:43 | INFO     | OrderManager    | Order #1143: BUY 10 AAPL @ 100
22:20:43 | INFO     | OrderManager    | Order #1144: BUY 10 AAPL @ 100
22:20:43 | INFO     | OrderManager    | Order #1145: BUY 10 AAPL @ 100
22:20:43 | INFO     | OrderManager    | Order #1146: BUY 10 AAPL @ 100
22:20:43 | INFO     | OrderManager    | Order #1147: BUY 10 AAPL @ 100
22:20:43 | INFO     | OrderManager    | Order #1148: BUY 10 AAPL @ 100
22:20:43 | INFO     | OrderManager    | Order #1149: BUY 10 AAPL @ 100
22:20:43 | INFO     | OrderManager    | Order #1150: BUY 10 AAPL @ 100
22:20:43 | INFO     | OrderManager    | Order #1151: BUY 10 AAPL @ 100
22:20:43 | INFO     | OrderManager    | Order #1152: BUY 10 AAPL @ 100
22:20:43 | INFO     | OrderManager    | Order #1153: BUY 10 AAPL @ 100
22:20:43 | INFO     | OrderManager    | Order #1154: BUY 10 AAPL @ 100
22:20:43 | INFO     | OrderManager    | Order #1155: BUY 10 AAPL @ 100
22:20:43 | INFO     | OrderManager    | Order #1156: BUY 10 AAPL @ 100
22:20:43 | INFO     | OrderManager    | Order #1157: BUY 10 AAPL @ 100
22:20:43 | INFO     | OrderManager    | Order #1158: BUY 10 AAPL @ 100
22:20:43 | INFO     | OrderManager    | Order #1159: BUY 10 AAPL @ 100
22:20:43 | INFO     | OrderManager    | Order #1160: BUY 10 AAPL @ 100
22:20:43 | INFO     | OrderManager    | Order #1161: BUY 10 AAPL @ 100
22:20:43 | INFO     | OrderManager    | Order #1162: BUY 10 AAPL @ 100
22:20:43 | INFO     | OrderManager    | Order #1163: BUY 10 AAPL @ 100
22:20:43 | INFO     | OrderManager    | Order #1164: BUY 10 AAPL @ 100
22:20:43 | INFO     | OrderManager    | Order #1165: BUY 10 AAPL @ 100
22:20:43 | INFO     | OrderManager    | Order #1166: BUY 10 AAPL @ 100
22:20:43 | INFO     | OrderManager    | Order #1167: BUY 10 AAPL @ 100
22:20:43 | INFO     | OrderManager    | Order #1168: BUY 10 AAPL @ 100
22:20:43 | INFO     | OrderManager    | Order #1169: BUY 10 AAPL @ 100
22:20:43 | INFO     | OrderManager    | Order #1170: BUY 10 AAPL @ 100
22:20:43 | INFO     | OrderManager    | Order #1171: BUY 10 AAPL @ 100
22:20:43 | INFO     | OrderManager    | Order #1172: BUY 10 AAPL @ 100
22:20:43 | INFO     | OrderManager    | Order #1173: BUY 10 AAPL @ 100
22:20:43 | INFO     | OrderManager    | Order #1174: BUY 10 AAPL @ 100
22:20:43 | INFO     | OrderManager    | Order #1175: BUY 10 AAPL @ 100
22:20:43 | INFO     | OrderManager    | Order #1176: BUY 10 AAPL @ 100
22:20:43 | INFO     | OrderManager    | Order #1177: BUY 10 AAPL @ 100
22:20:43 | INFO     | OrderManager    | Order #1178: BUY 10 AAPL @ 100
22:20:43 | INFO     | OrderManager    | Order #1179: BUY 10 AAPL @ 100
22:20:43 | INFO     | OrderManager    | Order #1180: BUY 10 AAPL @ 100
22:20:43 | INFO     | OrderManager    | Order #1181: BUY 10 AAPL @ 100
22:20:43 | INFO     | OrderManager    | Order #1182: BUY 10 AAPL @ 100
22:20:43 | INFO     | OrderManager    | Order #1183: BUY 10 AAPL @ 100
22:20:43 | INFO     | OrderManager    | Order #1184: BUY 10 AAPL @ 100
22:20:43 | INFO     | OrderManager    | Order #1185: BUY 10 AAPL @ 100
22:20:43 | INFO     | OrderManager    | Order #1186: BUY 10 AAPL @ 100
22:20:43 | INFO     | OrderManager    | Order #1187: BUY 10 AAPL @ 100
22:20:43 | INFO     | OrderManager    | Order #1188: BUY 10 AAPL @ 100
22:20:43 | INFO     | OrderManager    | Order #1189: BUY 10 AAPL @ 100
22:20:43 | INFO     | OrderManager    | Order #1190: BUY 10 AAPL @ 100
22:20:43 | INFO     | OrderManager    | Order #1191: BUY 10 AAPL @ 100
22:20:43 | INFO     | OrderManager    | Order #1192: BUY 10 AAPL @ 100
22:20:43 | INFO     | OrderManager    | Order #1193: BUY 10 AAPL @ 100
22:20:43 | INFO     | OrderManager    | Order #1194: BUY 10 AAPL @ 100
22:20:43 | INFO     | OrderManager    | Order #1195: BUY 10 AAPL @ 100
22:20:43 | INFO     | OrderManager    | Order #1196: BUY 10 AAPL @ 100
22:20:43 | INFO     | OrderManager    | Order #1197: BUY 10 AAPL @ 100
22:20:43 | INFO     | OrderManager    | Order #1198: BUY 10 AAPL @ 100
22:20:43 | INFO     | OrderManager    | Order #1199: BUY 10 AAPL @ 100
22:20:43 | INFO     | OrderManager    | Order #1200: BUY 10 AAPL @ 100
22:20:43 | INFO     | OrderManager    | Order #1201: BUY 10 AAPL @ 100
22:20:43 | INFO     | OrderManager    | Order #1202: BUY 10 AAPL @ 100
22:20:43 | INFO     | OrderManager    | Order #1203: BUY 10 AAPL @ 100
22:20:43 | INFO     | OrderManager    | Order #1204: BUY 10 AAPL @ 100
22:20:43 | INFO     | OrderManager    | Order #1205: BUY 10 AAPL @ 100
22:20:43 | INFO     | OrderManager    | Order #1206: BUY 10 AAPL @ 100
22:20:43 | INFO     | OrderManager    | Order #1207: BUY 10 AAPL @ 100
22:20:43 | INFO     | OrderManager    | Order #1208: BUY 10 AAPL @ 100
22:20:43 | INFO     | OrderManager    | Order #1209: BUY 10 AAPL @ 100
22:20:43 | INFO     | OrderManager    | Order #1210: BUY 10 AAPL @ 100
22:20:43 | INFO     | OrderManager    | Order #1211: BUY 10 AAPL @ 100
22:20:43 | INFO     | OrderManager    | Order #1212: BUY 10 AAPL @ 100
22:20:43 | INFO     | OrderManager    | Order #1213: BUY 10 AAPL @ 100
22:20:43 | INFO     | OrderManager    | Order #1214: BUY 10 AAPL @ 100
22:20:43 | INFO     | OrderManager    | Order #1215: BUY 10 AAPL @ 100
22:20:43 | INFO     | OrderManager    | Order #1216: BUY 10 AAPL @ 100
22:20:43 | INFO     | OrderManager    | Order #1217: BUY 10 AAPL @ 100
22:20:43 | INFO     | OrderManager    | Order #1218: BUY 10 AAPL @ 100
22:20:43 | INFO     | OrderManager    | Order #1219: BUY 10 AAPL @ 100
22:20:43 | INFO     | OrderManager    | Order #1220: BUY 10 AAPL @ 100
22:20:43 | INFO     | OrderManager    | Order #1221: BUY 10 AAPL @ 100
22:20:43 | INFO     | OrderManager    | Order #1222: BUY 10 AAPL @ 100
22:20:43 | INFO     | OrderManager    | Order #1223: BUY 10 AAPL @ 100
22:20:43 | INFO     | OrderManager    | Order #1224: BUY 10 AAPL @ 100
22:20:44 | INFO     | OrderManager    | Order #1225: BUY 10 AAPL @ 100
22:20:44 | INFO     | OrderManager    | Order #1226: BUY 10 AAPL @ 100
22:20:44 | INFO     | OrderManager    | Order #1227: BUY 10 AAPL @ 100
22:20:44 | INFO     | OrderManager    | Order #1228: BUY 10 AAPL @ 100
22:20:44 | INFO     | OrderManager    | Order #1229: BUY 10 AAPL @ 100
22:20:44 | INFO     | OrderManager    | Order #1230: BUY 10 AAPL @ 100
22:20:44 | INFO     | OrderManager    | Order #1231: BUY 10 AAPL @ 100
22:20:44 | INFO     | OrderManager    | Order #1232: BUY 10 AAPL @ 100
22:20:44 | INFO     | OrderManager    | Order #1233: BUY 10 AAPL @ 100
22:20:44 | INFO     | OrderManager    | Order #1234: BUY 10 AAPL @ 100
22:20:44 | INFO     | OrderManager    | Order #1235: BUY 10 AAPL @ 100
22:20:44 | INFO     | OrderManager    | Order #1236: BUY 10 AAPL @ 100
22:20:44 | INFO     | OrderManager    | Order #1237: BUY 10 AAPL @ 100
22:20:44 | INFO     | OrderManager    | Order #1238: BUY 10 AAPL @ 100
22:20:44 | INFO     | OrderManager    | Order #1239: BUY 10 AAPL @ 100
22:20:44 | INFO     | OrderManager    | Order #1240: BUY 10 AAPL @ 100
22:20:44 | INFO     | OrderManager    | Order #1241: BUY 10 AAPL @ 100
22:20:44 | INFO     | OrderManager    | Order #1242: BUY 10 AAPL @ 100
22:20:44 | INFO     | OrderManager    | Order #1243: BUY 10 AAPL @ 100
22:20:44 | INFO     | OrderManager    | Order #1244: BUY 10 AAPL @ 100
22:20:44 | INFO     | OrderManager    | Order #1245: BUY 10 AAPL @ 100
22:20:44 | INFO     | OrderManager    | Order #1246: BUY 10 AAPL @ 100
22:20:44 | INFO     | OrderManager    | Order #1247: BUY 10 AAPL @ 100
22:20:44 | INFO     | OrderManager    | Order #1248: BUY 10 AAPL @ 100
22:20:44 | INFO     | OrderManager    | Order #1249: BUY 10 AAPL @ 100
22:20:44 | INFO     | OrderManager    | Order #1250: BUY 10 AAPL @ 100
22:20:44 | INFO     | OrderManager    | Order #1251: BUY 10 AAPL @ 100
22:20:44 | INFO     | OrderManager    | Order #1252: BUY 10 AAPL @ 100
22:20:44 | INFO     | OrderManager    | Order #1253: BUY 10 AAPL @ 100
22:20:44 | INFO     | OrderManager    | Order #1254: BUY 10 AAPL @ 100
22:20:44 | INFO     | OrderManager    | Order #1255: BUY 10 AAPL @ 100
22:20:44 | INFO     | OrderManager    | Order #1256: BUY 10 AAPL @ 100
22:20:44 | INFO     | OrderManager    | Order #1257: BUY 10 AAPL @ 100
22:20:44 | INFO     | OrderManager    | Order #1258: BUY 10 AAPL @ 100
22:20:44 | INFO     | OrderManager    | Order #1259: BUY 10 AAPL @ 100
22:20:44 | INFO     | OrderManager    | Order #1260: BUY 10 AAPL @ 100
22:20:44 | INFO     | OrderManager    | Order #1261: BUY 10 AAPL @ 100
22:20:44 | INFO     | OrderManager    | Order #1262: BUY 10 AAPL @ 100
22:20:44 | INFO     | OrderManager    | Order #1263: BUY 10 AAPL @ 100
22:20:44 | INFO     | OrderManager    | Order #1264: BUY 10 AAPL @ 100
22:20:44 | INFO     | OrderManager    | Order #1265: BUY 10 AAPL @ 100
22:20:44 | INFO     | OrderManager    | Order #1266: BUY 10 AAPL @ 100
22:20:44 | INFO     | OrderManager    | Order #1267: BUY 10 AAPL @ 100
22:20:44 | INFO     | OrderManager    | Order #1268: BUY 10 AAPL @ 100
22:20:44 | INFO     | OrderManager    | Order #1269: BUY 10 AAPL @ 100
22:20:44 | INFO     | OrderManager    | Order #1270: BUY 10 AAPL @ 100
22:20:44 | INFO     | OrderManager    | Order #1271: BUY 10 AAPL @ 100
22:20:44 | INFO     | OrderManager    | Order #1272: BUY 10 AAPL @ 100
22:20:44 | INFO     | OrderManager    | Order #1273: BUY 10 AAPL @ 100
22:20:44 | INFO     | OrderManager    | Order #1274: BUY 10 AAPL @ 100
22:20:44 | INFO     | OrderManager    | Order #1275: BUY 10 AAPL @ 100
22:20:44 | INFO     | OrderManager    | Order #1276: BUY 10 AAPL @ 100
22:20:44 | INFO     | OrderManager    | Order #1277: BUY 10 AAPL @ 100
22:20:44 | INFO     | OrderManager    | Order #1278: BUY 10 AAPL @ 100
22:20:44 | INFO     | OrderManager    | Order #1279: BUY 10 AAPL @ 100
22:20:44 | INFO     | OrderManager    | Order #1280: BUY 10 AAPL @ 100
22:20:44 | INFO     | OrderManager    | Order #1281: BUY 10 AAPL @ 100
22:20:44 | INFO     | OrderManager    | Order #1282: BUY 10 AAPL @ 100
22:20:44 | INFO     | OrderManager    | Order #1283: BUY 10 AAPL @ 100
22:20:44 | INFO     | OrderManager    | Order #1284: BUY 10 AAPL @ 100
22:20:44 | INFO     | OrderManager    | Order #1285: BUY 10 AAPL @ 100
22:20:44 | INFO     | OrderManager    | Order #1286: BUY 10 AAPL @ 100
22:20:44 | INFO     | OrderManager    | Order #1287: BUY 10 AAPL @ 100
22:20:44 | INFO     | OrderManager    | Order #1288: BUY 10 AAPL @ 100
22:20:44 | INFO     | OrderManager    | Order #1289: BUY 10 AAPL @ 100
22:20:44 | INFO     | OrderManager    | Order #1290: BUY 10 AAPL @ 100
22:20:44 | INFO     | OrderManager    | Order #1291: BUY 10 AAPL @ 100
22:20:44 | INFO     | OrderManager    | Order #1292: BUY 10 AAPL @ 100
22:20:44 | INFO     | OrderManager    | Order #1293: BUY 10 AAPL @ 100
22:20:44 | INFO     | OrderManager    | Order #1294: BUY 10 AAPL @ 100
22:20:44 | INFO     | OrderManager    | Order #1295: BUY 10 AAPL @ 100
22:20:44 | INFO     | OrderManager    | Order #1296: BUY 10 AAPL @ 100
22:20:44 | INFO     | OrderManager    | Order #1297: BUY 10 AAPL @ 100
22:20:44 | INFO     | OrderManager    | Order #1298: BUY 10 AAPL @ 100
22:20:44 | INFO     | OrderManager    | Order #1299: BUY 10 AAPL @ 100
22:20:44 | INFO     | OrderManager    | Order #1300: BUY 10 AAPL @ 100
22:20:44 | INFO     | OrderManager    | Order #1301: BUY 10 AAPL @ 100
22:20:44 | INFO     | OrderManager    | Order #1302: BUY 10 AAPL @ 100
22:20:44 | INFO     | OrderManager    | Order #1303: BUY 10 AAPL @ 100
22:20:44 | INFO     | OrderManager    | Order #1304: BUY 10 AAPL @ 100
22:20:44 | INFO     | OrderManager    | Order #1305: BUY 10 AAPL @ 100
22:20:44 | INFO     | OrderManager    | Order #1306: BUY 10 AAPL @ 100
22:20:44 | INFO     | OrderManager    | Order #1307: BUY 10 AAPL @ 100
22:20:44 | INFO     | OrderManager    | Order #1308: BUY 10 AAPL @ 100
22:20:44 | INFO     | OrderManager    | Order #1309: BUY 10 AAPL @ 100
22:20:44 | INFO     | OrderManager    | Order #1310: BUY 10 AAPL @ 100
22:20:44 | INFO     | OrderManager    | Order #1311: BUY 10 AAPL @ 100
22:20:44 | INFO     | OrderManager    | Order #1312: BUY 10 AAPL @ 100
22:20:44 | INFO     | OrderManager    | Order #1313: BUY 10 AAPL @ 100
22:20:44 | INFO     | OrderManager    | Order #1314: BUY 10 AAPL @ 100
22:20:44 | INFO     | OrderManager    | Order #1315: BUY 10 AAPL @ 100
22:20:44 | INFO     | OrderManager    | Order #1316: BUY 10 AAPL @ 100
22:20:44 | INFO     | OrderManager    | Order #1317: BUY 10 AAPL @ 100
22:20:44 | INFO     | OrderManager    | Order #1318: BUY 10 AAPL @ 100
22:20:44 | INFO     | OrderManager    | Order #1319: BUY 10 AAPL @ 100
22:20:44 | INFO     | OrderManager    | Order #1320: BUY 10 AAPL @ 100
22:20:44 | INFO     | OrderManager    | Order #1321: BUY 10 AAPL @ 100
22:20:44 | INFO     | OrderManager    | Order #1322: BUY 10 AAPL @ 100
22:20:44 | INFO     | OrderManager    | Order #1323: BUY 10 AAPL @ 100
22:20:44 | INFO     | OrderManager    | Order #1324: BUY 10 AAPL @ 100
22:20:44 | INFO     | OrderManager    | Order #1325: BUY 10 AAPL @ 100
22:20:44 | INFO     | OrderManager    | Order #1326: BUY 10 AAPL @ 100
22:20:44 | INFO     | OrderManager    | Order #1327: BUY 10 AAPL @ 100
22:20:44 | INFO     | OrderManager    | Order #1328: BUY 10 AAPL @ 100
22:20:44 | INFO     | OrderManager    | Order #1329: BUY 10 AAPL @ 100
22:20:44 | INFO     | OrderManager    | Order #1330: BUY 10 AAPL @ 100
22:20:44 | INFO     | OrderManager    | Order #1331: BUY 10 AAPL @ 100
22:20:44 | INFO     | OrderManager    | Order #1332: BUY 10 AAPL @ 100
22:20:44 | INFO     | OrderManager    | Order #1333: BUY 10 AAPL @ 100
22:20:44 | INFO     | OrderManager    | Order #1334: BUY 10 AAPL @ 100
22:20:44 | INFO     | OrderManager    | Order #1335: BUY 10 AAPL @ 100
22:20:44 | INFO     | OrderManager    | Order #1336: BUY 10 AAPL @ 100
22:20:44 | INFO     | OrderManager    | Order #1337: BUY 10 AAPL @ 100
22:20:44 | INFO     | OrderManager    | Order #1338: BUY 10 AAPL @ 100
22:20:44 | INFO     | OrderManager    | Order #1339: BUY 10 AAPL @ 100
22:20:44 | INFO     | OrderManager    | Order #1340: BUY 10 AAPL @ 100
22:20:44 | INFO     | OrderManager    | Order #1341: BUY 10 AAPL @ 100
22:20:44 | INFO     | OrderManager    | Order #1342: BUY 10 AAPL @ 100
22:20:44 | INFO     | OrderManager    | Order #1343: BUY 10 AAPL @ 100
22:20:44 | INFO     | OrderManager    | Order #1344: BUY 10 AAPL @ 100
22:20:44 | INFO     | OrderManager    | Order #1345: BUY 10 AAPL @ 100
22:20:44 | INFO     | OrderManager    | Order #1346: BUY 10 AAPL @ 100
22:20:44 | INFO     | OrderManager    | Order #1347: BUY 10 AAPL @ 100
22:20:44 | INFO     | OrderManager    | Order #1348: BUY 10 AAPL @ 100
22:20:44 | INFO     | OrderManager    | Order #1349: BUY 10 AAPL @ 100
22:20:44 | INFO     | OrderManager    | Order #1350: BUY 10 AAPL @ 100
22:20:44 | INFO     | OrderManager    | Order #1351: BUY 10 AAPL @ 100
22:20:44 | INFO     | OrderManager    | Order #1352: BUY 10 AAPL @ 100
22:20:44 | INFO     | OrderManager    | Order #1353: BUY 10 AAPL @ 100
22:20:44 | INFO     | OrderManager    | Order #1354: BUY 10 AAPL @ 100
22:20:44 | INFO     | OrderManager    | Order #1355: BUY 10 AAPL @ 100
22:20:44 | INFO     | OrderManager    | Order #1356: BUY 10 AAPL @ 100
22:20:44 | INFO     | OrderManager    | Order #1357: BUY 10 AAPL @ 100
22:20:44 | INFO     | OrderManager    | Order #1358: BUY 10 AAPL @ 100
22:20:44 | INFO     | OrderManager    | Order #1359: BUY 10 AAPL @ 100
22:20:44 | INFO     | OrderManager    | Order #1360: BUY 10 AAPL @ 100
22:20:44 | INFO     | OrderManager    | Order #1361: BUY 10 AAPL @ 100
22:20:44 | INFO     | OrderManager    | Order #1362: BUY 10 AAPL @ 100
22:20:44 | INFO     | OrderManager    | Order #1363: BUY 10 AAPL @ 100
22:20:44 | INFO     | OrderManager    | Order #1364: BUY 10 AAPL @ 100
22:20:44 | INFO     | OrderManager    | Order #1365: BUY 10 AAPL @ 100
22:20:44 | INFO     | OrderManager    | Order #1366: BUY 10 AAPL @ 100
22:20:44 | INFO     | OrderManager    | Order #1367: BUY 10 AAPL @ 100
22:20:44 | INFO     | OrderManager    | Order #1368: BUY 10 AAPL @ 100
22:20:44 | INFO     | OrderManager    | Order #1369: BUY 10 AAPL @ 100
22:20:44 | INFO     | OrderManager    | Order #1370: BUY 10 AAPL @ 100
22:20:44 | INFO     | OrderManager    | Order #1371: BUY 10 AAPL @ 100
22:20:44 | INFO     | OrderManager    | Order #1372: BUY 10 AAPL @ 100
22:20:44 | INFO     | OrderManager    | Order #1373: BUY 10 AAPL @ 100
22:20:44 | INFO     | OrderManager    | Order #1374: BUY 10 AAPL @ 100
22:20:44 | INFO     | OrderManager    | Order #1375: BUY 10 AAPL @ 100
22:20:44 | INFO     | OrderManager    | Order #1376: BUY 10 AAPL @ 100
22:20:44 | INFO     | OrderManager    | Order #1377: BUY 10 AAPL @ 100
22:20:44 | INFO     | OrderManager    | Order #1378: BUY 10 AAPL @ 100
22:20:44 | INFO     | OrderManager    | Order #1379: BUY 10 AAPL @ 100
22:20:44 | INFO     | OrderManager    | Order #1380: BUY 10 AAPL @ 100
22:20:44 | INFO     | OrderManager    | Order #1381: BUY 10 AAPL @ 100
22:20:44 | INFO     | OrderManager    | Order #1382: BUY 10 AAPL @ 100
22:20:44 | INFO     | OrderManager    | Order #1383: BUY 10 AAPL @ 100
22:20:44 | INFO     | OrderManager    | Order #1384: BUY 10 AAPL @ 100
22:20:44 | INFO     | OrderManager    | Order #1385: BUY 10 AAPL @ 100
22:20:44 | INFO     | OrderManager    | Order #1386: BUY 10 AAPL @ 100
22:20:44 | INFO     | OrderManager    | Order #1387: BUY 10 AAPL @ 100
22:20:44 | INFO     | OrderManager    | Order #1388: BUY 10 AAPL @ 100
22:20:44 | INFO     | OrderManager    | Order #1389: BUY 10 AAPL @ 100
22:20:44 | INFO     | OrderManager    | Order #1390: BUY 10 AAPL @ 100
22:20:44 | INFO     | OrderManager    | Order #1391: BUY 10 AAPL @ 100
22:20:44 | INFO     | OrderManager    | Order #1392: BUY 10 AAPL @ 100
22:20:44 | INFO     | OrderManager    | Order #1393: BUY 10 AAPL @ 100
22:20:44 | INFO     | OrderManager    | Order #1394: BUY 10 AAPL @ 100
22:20:44 | INFO     | OrderManager    | Order #1395: BUY 10 AAPL @ 100
22:20:44 | INFO     | OrderManager    | Order #1396: BUY 10 AAPL @ 100
22:20:44 | INFO     | OrderManager    | Order #1397: BUY 10 AAPL @ 100
22:20:44 | INFO     | OrderManager    | Order #1398: BUY 10 AAPL @ 100
22:20:44 | INFO     | OrderManager    | Order #1399: BUY 10 AAPL @ 100
22:20:44 | INFO     | OrderManager    | Order #1400: BUY 10 AAPL @ 100
22:20:44 | INFO     | OrderManager    | Order #1401: BUY 10 AAPL @ 100
22:20:44 | INFO     | OrderManager    | Order #1402: BUY 10 AAPL @ 100
22:20:44 | INFO     | OrderManager    | Order #1403: BUY 10 AAPL @ 100
22:20:44 | INFO     | OrderManager    | Order #1404: BUY 10 AAPL @ 100
22:20:44 | INFO     | OrderManager    | Order #1405: BUY 10 AAPL @ 100
22:20:44 | INFO     | OrderManager    | Order #1406: BUY 10 AAPL @ 100
22:20:44 | INFO     | OrderManager    | Order #1407: BUY 10 AAPL @ 100
22:20:44 | INFO     | OrderManager    | Order #1408: BUY 10 AAPL @ 100
22:20:44 | INFO     | OrderManager    | Order #1409: BUY 10 AAPL @ 100
22:20:44 | INFO     | OrderManager    | Order #1410: BUY 10 AAPL @ 100
22:20:44 | INFO     | OrderManager    | Order #1411: BUY 10 AAPL @ 100
22:20:44 | INFO     | OrderManager    | Order #1412: BUY 10 AAPL @ 100
22:20:44 | INFO     | OrderManager    | Order #1413: BUY 10 AAPL @ 100
22:20:44 | INFO     | OrderManager    | Order #1414: BUY 10 AAPL @ 100
22:20:44 | INFO     | OrderManager    | Order #1415: BUY 10 AAPL @ 100
22:20:44 | INFO     | OrderManager    | Order #1416: BUY 10 AAPL @ 100
22:20:44 | INFO     | OrderManager    | Order #1417: BUY 10 AAPL @ 100
22:20:44 | INFO     | OrderManager    | Order #1418: BUY 10 AAPL @ 100
22:20:44 | INFO     | OrderManager    | Order #1419: BUY 10 AAPL @ 100
22:20:44 | INFO     | OrderManager    | Order #1420: BUY 10 AAPL @ 100
22:20:44 | INFO     | OrderManager    | Order #1421: BUY 10 AAPL @ 100
22:20:44 | INFO     | OrderManager    | Order #1422: BUY 10 AAPL @ 100
22:20:44 | INFO     | OrderManager    | Order #1423: BUY 10 AAPL @ 100
22:20:44 | INFO     | OrderManager    | Order #1424: BUY 10 AAPL @ 100
22:20:44 | INFO     | OrderManager    | Order #1425: BUY 10 AAPL @ 100
22:20:44 | INFO     | OrderManager    | Order #1426: BUY 10 AAPL @ 100
22:20:44 | INFO     | OrderManager    | Order #1427: BUY 10 AAPL @ 100
22:20:44 | INFO     | OrderManager    | Order #1428: BUY 10 AAPL @ 100
22:20:44 | INFO     | OrderManager    | Order #1429: BUY 10 AAPL @ 100
22:20:44 | INFO     | OrderManager    | Order #1430: BUY 10 AAPL @ 100
22:20:44 | INFO     | OrderManager    | Order #1431: BUY 10 AAPL @ 100
22:20:44 | INFO     | OrderManager    | Order #1432: BUY 10 AAPL @ 100
22:20:44 | INFO     | OrderManager    | Order #1433: BUY 10 AAPL @ 100
22:20:44 | INFO     | OrderManager    | Order #1434: BUY 10 AAPL @ 100
22:20:44 | INFO     | OrderManager    | Order #1435: BUY 10 AAPL @ 100
22:20:44 | INFO     | OrderManager    | Order #1436: BUY 10 AAPL @ 100
22:20:44 | INFO     | OrderManager    | Order #1437: BUY 10 AAPL @ 100
22:20:44 | INFO     | OrderManager    | Order #1438: BUY 10 AAPL @ 100
22:20:44 | INFO     | OrderManager    | Order #1439: BUY 10 AAPL @ 100
22:20:44 | INFO     | OrderManager    | Order #1440: BUY 10 AAPL @ 100
22:20:44 | INFO     | OrderManager    | Order #1441: BUY 10 AAPL @ 100
22:20:44 | INFO     | OrderManager    | Order #1442: BUY 10 AAPL @ 100
22:20:44 | INFO     | OrderManager    | Order #1443: BUY 10 AAPL @ 100
22:20:44 | INFO     | OrderManager    | Order #1444: BUY 10 AAPL @ 100
22:20:44 | INFO     | OrderManager    | Order #1445: BUY 10 AAPL @ 100
22:20:44 | INFO     | OrderManager    | Order #1446: BUY 10 AAPL @ 100
22:20:44 | INFO     | OrderManager    | Order #1447: BUY 10 AAPL @ 100
22:20:44 | INFO     | OrderManager    | Order #1448: BUY 10 AAPL @ 100
22:20:44 | INFO     | OrderManager    | Order #1449: BUY 10 AAPL @ 100
22:20:44 | INFO     | OrderManager    | Order #1450: BUY 10 AAPL @ 100
22:20:44 | INFO     | OrderManager    | Order #1451: BUY 10 AAPL @ 100
22:20:44 | INFO     | OrderManager    | Order #1452: BUY 10 AAPL @ 100
22:20:45 | INFO     | OrderManager    | Order #1453: BUY 10 AAPL @ 100
22:20:45 | INFO     | OrderManager    | Order #1454: BUY 10 AAPL @ 100
22:20:45 | INFO     | OrderManager    | Order #1455: BUY 10 AAPL @ 100
22:20:45 | INFO     | OrderManager    | Order #1456: BUY 10 AAPL @ 100
22:20:45 | INFO     | OrderManager    | Order #1457: BUY 10 AAPL @ 100
22:20:45 | INFO     | OrderManager    | Order #1458: BUY 10 AAPL @ 100
22:20:45 | INFO     | OrderManager    | Order #1459: BUY 10 AAPL @ 100
22:20:45 | INFO     | OrderManager    | Order #1460: BUY 10 AAPL @ 100
22:20:45 | INFO     | OrderManager    | Order #1461: BUY 10 AAPL @ 100
22:20:45 | INFO     | OrderManager    | Order #1462: BUY 10 AAPL @ 100
22:20:45 | INFO     | OrderManager    | Order #1463: BUY 10 AAPL @ 100
22:20:45 | INFO     | OrderManager    | Order #1464: BUY 10 AAPL @ 100
22:20:45 | INFO     | OrderManager    | Order #1465: BUY 10 AAPL @ 100
22:20:45 | INFO     | OrderManager    | Order #1466: BUY 10 AAPL @ 100
22:20:45 | INFO     | OrderManager    | Order #1467: BUY 10 AAPL @ 100
22:20:45 | INFO     | OrderManager    | Order #1468: BUY 10 AAPL @ 100
22:20:45 | INFO     | OrderManager    | Order #1469: BUY 10 AAPL @ 100
22:20:45 | INFO     | OrderManager    | Order #1470: BUY 10 AAPL @ 100
22:20:45 | INFO     | OrderManager    | Order #1471: BUY 10 AAPL @ 100
22:20:45 | INFO     | OrderManager    | Order #1472: BUY 10 AAPL @ 100
22:20:45 | INFO     | OrderManager    | Order #1473: BUY 10 AAPL @ 100
22:20:45 | INFO     | OrderManager    | Order #1474: BUY 10 AAPL @ 100
22:20:45 | INFO     | OrderManager    | Order #1475: BUY 10 AAPL @ 100
22:20:45 | INFO     | OrderManager    | Order #1476: BUY 10 AAPL @ 100
22:20:45 | INFO     | OrderManager    | Order #1477: BUY 10 AAPL @ 100
22:20:45 | INFO     | OrderManager    | Order #1478: BUY 10 AAPL @ 100
22:20:45 | INFO     | OrderManager    | Order #1479: BUY 10 AAPL @ 100
22:20:45 | INFO     | OrderManager    | Order #1480: BUY 10 AAPL @ 100
22:20:45 | INFO     | OrderManager    | Order #1481: BUY 10 AAPL @ 100
22:20:45 | INFO     | OrderManager    | Order #1482: BUY 10 AAPL @ 100
22:20:45 | INFO     | OrderManager    | Order #1483: BUY 10 AAPL @ 100
22:20:45 | INFO     | OrderManager    | Order #1484: BUY 10 AAPL @ 100
22:20:45 | INFO     | OrderManager    | Order #1485: BUY 10 AAPL @ 100
22:20:45 | INFO     | OrderManager    | Order #1486: BUY 10 AAPL @ 100
22:20:45 | INFO     | OrderManager    | Order #1487: BUY 10 AAPL @ 100
22:20:45 | INFO     | OrderManager    | Order #1488: BUY 10 AAPL @ 100
22:20:45 | INFO     | OrderManager    | Order #1489: BUY 10 AAPL @ 100
22:20:45 | INFO     | OrderManager    | Order #1490: BUY 10 AAPL @ 100
22:20:45 | INFO     | OrderManager    | Order #1491: BUY 10 AAPL @ 100
22:20:45 | INFO     | OrderManager    | Order #1492: BUY 10 AAPL @ 100
22:20:45 | INFO     | OrderManager    | Order #1493: BUY 10 AAPL @ 100
22:20:45 | INFO     | OrderManager    | Order #1494: BUY 10 AAPL @ 100
22:20:45 | INFO     | OrderManager    | Order #1495: BUY 10 AAPL @ 100
22:20:45 | INFO     | OrderManager    | Order #1496: BUY 10 AAPL @ 100
22:20:45 | INFO     | OrderManager    | Order #1497: BUY 10 AAPL @ 100
22:20:45 | INFO     | OrderManager    | Order #1498: BUY 10 AAPL @ 100
22:20:45 | INFO     | OrderManager    | Order #1499: BUY 10 AAPL @ 100
22:20:45 | INFO     | OrderManager    | Order #1500: BUY 10 AAPL @ 100
22:20:45 | INFO     | OrderManager    | Order #1501: BUY 10 AAPL @ 100
22:20:45 | INFO     | OrderManager    | Order #1502: BUY 10 AAPL @ 100
22:20:45 | INFO     | OrderManager    | Order #1503: BUY 10 AAPL @ 100
22:20:45 | INFO     | OrderManager    | Order #1504: BUY 10 AAPL @ 100
22:20:45 | INFO     | OrderManager    | Order #1505: BUY 10 AAPL @ 100
22:20:45 | INFO     | OrderManager    | Order #1506: BUY 10 AAPL @ 100
22:20:45 | INFO     | OrderManager    | Order #1507: BUY 10 AAPL @ 100
22:20:45 | INFO     | OrderManager    | Order #1508: BUY 10 AAPL @ 100
22:20:45 | INFO     | OrderManager    | Order #1509: BUY 10 AAPL @ 100
22:20:45 | INFO     | OrderManager    | Order #1510: BUY 10 AAPL @ 100
22:20:45 | INFO     | OrderManager    | Order #1511: BUY 10 AAPL @ 100
22:20:45 | INFO     | OrderManager    | Order #1512: BUY 10 AAPL @ 100
22:20:45 | INFO     | OrderManager    | Order #1513: BUY 10 AAPL @ 100
22:20:45 | INFO     | OrderManager    | Order #1514: BUY 10 AAPL @ 100
22:20:45 | INFO     | OrderManager    | Order #1515: BUY 10 AAPL @ 100
22:20:45 | INFO     | OrderManager    | Order #1516: BUY 10 AAPL @ 100
22:20:45 | INFO     | OrderManager    | Order #1517: BUY 10 AAPL @ 100
22:20:45 | INFO     | OrderManager    | Order #1518: BUY 10 AAPL @ 100
22:20:45 | INFO     | OrderManager    | Order #1519: BUY 10 AAPL @ 100
22:20:45 | INFO     | OrderManager    | Order #1520: BUY 10 AAPL @ 100
22:20:45 | INFO     | OrderManager    | Order #1521: BUY 10 AAPL @ 100
22:20:45 | INFO     | OrderManager    | Order #1522: BUY 10 AAPL @ 100
22:20:45 | INFO     | OrderManager    | Order #1523: BUY 10 AAPL @ 100
22:20:45 | INFO     | OrderManager    | Order #1524: BUY 10 AAPL @ 100
22:20:45 | INFO     | OrderManager    | Order #1525: BUY 10 AAPL @ 100
22:20:45 | INFO     | OrderManager    | Order #1526: BUY 10 AAPL @ 100
22:20:45 | INFO     | OrderManager    | Order #1527: BUY 10 AAPL @ 100
22:20:45 | INFO     | OrderManager    | Order #1528: BUY 10 AAPL @ 100
22:20:45 | INFO     | OrderManager    | Order #1529: BUY 10 AAPL @ 100
22:20:45 | INFO     | OrderManager    | Order #1530: BUY 10 AAPL @ 100
22:20:45 | INFO     | OrderManager    | Order #1531: BUY 10 AAPL @ 100
22:20:45 | INFO     | OrderManager    | Order #1532: BUY 10 AAPL @ 100
22:20:45 | INFO     | OrderManager    | Order #1533: BUY 10 AAPL @ 100
22:20:45 | INFO     | OrderManager    | Order #1534: BUY 10 AAPL @ 100
22:20:45 | INFO     | OrderManager    | Order #1535: BUY 10 AAPL @ 100
22:20:45 | INFO     | OrderManager    | Order #1536: BUY 10 AAPL @ 100
22:20:45 | INFO     | OrderManager    | Order #1537: BUY 10 AAPL @ 100
22:20:45 | INFO     | OrderManager    | Order #1538: BUY 10 AAPL @ 100
22:20:45 | INFO     | OrderManager    | Order #1539: BUY 10 AAPL @ 100
22:20:45 | INFO     | OrderManager    | Order #1540: BUY 10 AAPL @ 100
22:20:45 | INFO     | OrderManager    | Order #1541: BUY 10 AAPL @ 100
22:20:45 | INFO     | OrderManager    | Order #1542: BUY 10 AAPL @ 100
22:20:45 | INFO     | OrderManager    | Order #1543: BUY 10 AAPL @ 100
22:20:45 | INFO     | OrderManager    | Order #1544: BUY 10 AAPL @ 100
22:20:45 | INFO     | OrderManager    | Order #1545: BUY 10 AAPL @ 100
22:20:45 | INFO     | OrderManager    | Order #1546: BUY 10 AAPL @ 100
22:20:45 | INFO     | OrderManager    | Order #1547: BUY 10 AAPL @ 100
22:20:45 | INFO     | OrderManager    | Order #1548: BUY 10 AAPL @ 100
22:20:45 | INFO     | OrderManager    | Order #1549: BUY 10 AAPL @ 100
22:20:45 | INFO     | OrderManager    | Order #1550: BUY 10 AAPL @ 100
22:20:45 | INFO     | OrderManager    | Order #1551: BUY 10 AAPL @ 100
22:20:45 | INFO     | OrderManager    | Order #1552: BUY 10 AAPL @ 100
22:20:45 | INFO     | OrderManager    | Order #1553: BUY 10 AAPL @ 100
22:20:45 | INFO     | OrderManager    | Order #1554: BUY 10 AAPL @ 100
22:20:45 | INFO     | OrderManager    | Order #1555: BUY 10 AAPL @ 100
22:20:45 | INFO     | OrderManager    | Order #1556: BUY 10 AAPL @ 100
22:20:45 | INFO     | OrderManager    | Order #1557: BUY 10 AAPL @ 100
22:20:45 | INFO     | OrderManager    | Order #1558: BUY 10 AAPL @ 100
22:20:45 | INFO     | OrderManager    | Order #1559: BUY 10 AAPL @ 100
22:20:45 | INFO     | OrderManager    | Order #1560: BUY 10 AAPL @ 100
22:20:45 | INFO     | OrderManager    | Order #1561: BUY 10 AAPL @ 100
22:20:45 | INFO     | OrderManager    | Order #1562: BUY 10 AAPL @ 100
22:20:45 | INFO     | OrderManager    | Order #1563: BUY 10 AAPL @ 100
22:20:45 | INFO     | OrderManager    | Order #1564: BUY 10 AAPL @ 100
22:20:45 | INFO     | OrderManager    | Order #1565: BUY 10 AAPL @ 100
22:20:45 | INFO     | OrderManager    | Order #1566: BUY 10 AAPL @ 100
22:20:45 | INFO     | OrderManager    | Order #1567: BUY 10 AAPL @ 100
22:20:45 | INFO     | OrderManager    | Order #1568: BUY 10 AAPL @ 100
22:20:45 | INFO     | OrderManager    | Order #1569: BUY 10 AAPL @ 100
22:20:45 | INFO     | OrderManager    | Order #1570: BUY 10 AAPL @ 100
22:20:45 | INFO     | OrderManager    | Order #1571: BUY 10 AAPL @ 100
22:20:45 | INFO     | OrderManager    | Order #1572: BUY 10 AAPL @ 100
22:20:45 | INFO     | OrderManager    | Order #1573: BUY 10 AAPL @ 100
22:20:45 | INFO     | OrderManager    | Order #1574: BUY 10 AAPL @ 100
22:20:45 | INFO     | OrderManager    | Order #1575: BUY 10 AAPL @ 100
22:20:45 | INFO     | OrderManager    | Order #1576: BUY 10 AAPL @ 100
22:20:45 | INFO     | OrderManager    | Order #1577: BUY 10 AAPL @ 100
22:20:45 | INFO     | OrderManager    | Order #1578: BUY 10 AAPL @ 100
22:20:45 | INFO     | OrderManager    | Order #1579: BUY 10 AAPL @ 100
22:20:45 | INFO     | OrderManager    | Order #1580: BUY 10 AAPL @ 100
22:20:45 | INFO     | OrderManager    | Order #1581: BUY 10 AAPL @ 100
22:20:45 | INFO     | OrderManager    | Order #1582: BUY 10 AAPL @ 100
22:20:45 | INFO     | OrderManager    | Order #1583: BUY 10 AAPL @ 100
22:20:45 | INFO     | OrderManager    | Order #1584: BUY 10 AAPL @ 100
22:20:45 | INFO     | OrderManager    | Order #1585: BUY 10 AAPL @ 100
22:20:45 | INFO     | OrderManager    | Order #1586: BUY 10 AAPL @ 100
22:20:45 | INFO     | OrderManager    | Order #1587: BUY 10 AAPL @ 100
22:20:45 | INFO     | OrderManager    | Order #1588: BUY 10 AAPL @ 100
22:20:45 | INFO     | OrderManager    | Order #1589: BUY 10 AAPL @ 100
22:20:45 | INFO     | OrderManager    | Order #1590: BUY 10 AAPL @ 100
22:20:45 | INFO     | OrderManager    | Order #1591: BUY 10 AAPL @ 100
22:20:45 | INFO     | OrderManager    | Order #1592: BUY 10 AAPL @ 100
22:20:45 | INFO     | OrderManager    | Order #1593: BUY 10 AAPL @ 100
22:20:45 | INFO     | OrderManager    | Order #1594: BUY 10 AAPL @ 100
22:20:45 | INFO     | OrderManager    | Order #1595: BUY 10 AAPL @ 100
22:20:45 | INFO     | OrderManager    | Order #1596: BUY 10 AAPL @ 100
22:20:45 | INFO     | OrderManager    | Order #1597: BUY 10 AAPL @ 100
22:20:45 | INFO     | OrderManager    | Order #1598: BUY 10 AAPL @ 100
22:20:45 | INFO     | OrderManager    | Order #1599: BUY 10 AAPL @ 100
22:20:45 | INFO     | OrderManager    | Order #1600: BUY 10 AAPL @ 100
22:20:45 | INFO     | OrderManager    | Order #1601: BUY 10 AAPL @ 100
22:20:45 | INFO     | OrderManager    | Order #1602: BUY 10 AAPL @ 100
22:20:45 | INFO     | OrderManager    | Order #1603: BUY 10 AAPL @ 100
22:20:45 | INFO     | OrderManager    | Order #1604: BUY 10 AAPL @ 100
22:20:45 | INFO     | OrderManager    | Order #1605: BUY 10 AAPL @ 100
22:20:45 | INFO     | OrderManager    | Order #1606: BUY 10 AAPL @ 100
22:20:45 | INFO     | OrderManager    | Order #1607: BUY 10 AAPL @ 100
22:20:45 | INFO     | OrderManager    | Order #1608: BUY 10 AAPL @ 100
22:20:45 | INFO     | OrderManager    | Order #1609: BUY 10 AAPL @ 100
22:20:45 | INFO     | OrderManager    | Order #1610: BUY 10 AAPL @ 100
22:20:45 | INFO     | OrderManager    | Order #1611: BUY 10 AAPL @ 100
22:20:45 | INFO     | OrderManager    | Order #1612: BUY 10 AAPL @ 100
22:20:45 | INFO     | OrderManager    | Order #1613: BUY 10 AAPL @ 100
22:20:45 | INFO     | OrderManager    | Order #1614: BUY 10 AAPL @ 100
22:20:45 | INFO     | OrderManager    | Order #1615: BUY 10 AAPL @ 100
22:20:45 | INFO     | OrderManager    | Order #1616: BUY 10 AAPL @ 100
22:20:45 | INFO     | OrderManager    | Order #1617: BUY 10 AAPL @ 100
22:20:45 | INFO     | OrderManager    | Order #1618: BUY 10 AAPL @ 100
22:20:45 | INFO     | OrderManager    | Order #1619: BUY 10 AAPL @ 100
22:20:45 | INFO     | OrderManager    | Order #1620: BUY 10 AAPL @ 100
22:20:45 | INFO     | OrderManager    | Order #1621: BUY 10 AAPL @ 100
22:20:45 | INFO     | OrderManager    | Order #1622: BUY 10 AAPL @ 100
22:20:45 | INFO     | OrderManager    | Order #1623: BUY 10 AAPL @ 100
22:20:45 | INFO     | OrderManager    | Order #1624: BUY 10 AAPL @ 100
22:20:45 | INFO     | OrderManager    | Order #1625: BUY 10 AAPL @ 100
22:20:45 | INFO     | OrderManager    | Order #1626: BUY 10 AAPL @ 100
22:20:45 | INFO     | OrderManager    | Order #1627: BUY 10 AAPL @ 100
22:20:45 | INFO     | OrderManager    | Order #1628: BUY 10 AAPL @ 100
22:20:45 | INFO     | OrderManager    | Order #1629: BUY 10 AAPL @ 100
22:20:45 | INFO     | OrderManager    | Order #1630: BUY 10 AAPL @ 100
22:20:45 | INFO     | OrderManager    | Order #1631: BUY 10 AAPL @ 100
22:20:45 | INFO     | OrderManager    | Order #1632: BUY 10 AAPL @ 100
22:20:45 | INFO     | OrderManager    | Order #1633: BUY 10 AAPL @ 100
22:20:45 | INFO     | OrderManager    | Order #1634: BUY 10 AAPL @ 100
22:20:45 | INFO     | OrderManager    | Order #1635: BUY 10 AAPL @ 100
22:20:45 | INFO     | OrderManager    | Order #1636: BUY 10 AAPL @ 100
22:20:45 | INFO     | OrderManager    | Order #1637: BUY 10 AAPL @ 100
22:20:45 | INFO     | OrderManager    | Order #1638: BUY 10 AAPL @ 100
22:20:45 | INFO     | OrderManager    | Order #1639: BUY 10 AAPL @ 100
22:20:45 | INFO     | OrderManager    | Order #1640: BUY 10 AAPL @ 100
22:20:45 | INFO     | OrderManager    | Order #1641: BUY 10 AAPL @ 100
22:20:45 | INFO     | OrderManager    | Order #1642: BUY 10 AAPL @ 100
22:20:45 | INFO     | OrderManager    | Order #1643: BUY 10 AAPL @ 100
22:20:45 | INFO     | OrderManager    | Order #1644: BUY 10 AAPL @ 100
22:20:45 | INFO     | OrderManager    | Order #1645: BUY 10 AAPL @ 100
22:20:45 | INFO     | OrderManager    | Order #1646: BUY 10 AAPL @ 100
22:20:45 | INFO     | OrderManager    | Order #1647: BUY 10 AAPL @ 100
22:20:45 | INFO     | OrderManager    | Order #1648: BUY 10 AAPL @ 100
22:20:45 | INFO     | OrderManager    | Order #1649: BUY 10 AAPL @ 100
22:20:45 | INFO     | OrderManager    | Order #1650: BUY 10 AAPL @ 100
22:20:45 | INFO     | OrderManager    | Order #1651: BUY 10 AAPL @ 100
22:20:45 | INFO     | OrderManager    | Order #1652: BUY 10 AAPL @ 100
22:20:45 | INFO     | OrderManager    | Order #1653: BUY 10 AAPL @ 100
22:20:45 | INFO     | OrderManager    | Order #1654: BUY 10 AAPL @ 100
22:20:45 | INFO     | OrderManager    | Order #1655: BUY 10 AAPL @ 100
22:20:45 | INFO     | OrderManager    | Order #1656: BUY 10 AAPL @ 100
22:20:45 | INFO     | OrderManager    | Order #1657: BUY 10 AAPL @ 100
22:20:45 | INFO     | OrderManager    | Order #1658: BUY 10 AAPL @ 100
22:20:45 | INFO     | OrderManager    | Order #1659: BUY 10 AAPL @ 100
22:20:45 | INFO     | OrderManager    | Order #1660: BUY 10 AAPL @ 100
22:20:45 | INFO     | OrderManager    | Order #1661: BUY 10 AAPL @ 100
22:20:45 | INFO     | OrderManager    | Order #1662: BUY 10 AAPL @ 100
22:20:45 | INFO     | OrderManager    | Order #1663: BUY 10 AAPL @ 100
22:20:45 | INFO     | OrderManager    | Order #1664: BUY 10 AAPL @ 100
22:20:45 | INFO     | OrderManager    | Order #1665: BUY 10 AAPL @ 100
22:20:45 | INFO     | OrderManager    | Order #1666: BUY 10 AAPL @ 100
22:20:45 | INFO     | OrderManager    | Order #1667: BUY 10 AAPL @ 100
22:20:45 | INFO     | OrderManager    | Order #1668: BUY 10 AAPL @ 100
22:20:45 | INFO     | OrderManager    | Order #1669: BUY 10 AAPL @ 100
22:20:45 | INFO     | OrderManager    | Order #1670: BUY 10 AAPL @ 100
22:20:45 | INFO     | OrderManager    | Order #1671: BUY 10 AAPL @ 100
22:20:45 | INFO     | OrderManager    | Order #1672: BUY 10 AAPL @ 100
22:20:45 | INFO     | OrderManager    | Order #1673: BUY 10 AAPL @ 100
22:20:45 | INFO     | OrderManager    | Order #1674: BUY 10 AAPL @ 100
22:20:45 | INFO     | OrderManager    | Order #1675: BUY 10 AAPL @ 100
22:20:45 | INFO     | OrderManager    | Order #1676: BUY 10 AAPL @ 100
22:20:45 | INFO     | OrderManager    | Order #1677: BUY 10 AAPL @ 100
22:20:45 | INFO     | OrderManager    | Order #1678: BUY 10 AAPL @ 100
22:20:45 | INFO     | OrderManager    | Order #1679: BUY 10 AAPL @ 100
22:20:45 | INFO     | OrderManager    | Order #1680: BUY 10 AAPL @ 100
22:20:45 | INFO     | OrderManager    | Order #1681: BUY 10 AAPL @ 100
22:20:45 | INFO     | OrderManager    | Order #1682: BUY 10 AAPL @ 100
22:20:45 | INFO     | OrderManager    | Order #1683: BUY 10 AAPL @ 100
22:20:45 | INFO     | OrderManager    | Order #1684: BUY 10 AAPL @ 100
22:20:45 | INFO     | OrderManager    | Order #1685: BUY 10 AAPL @ 100
22:20:45 | INFO     | OrderManager    | Order #1686: BUY 10 AAPL @ 100
22:20:45 | INFO     | OrderManager    | Order #1687: BUY 10 AAPL @ 100
22:20:45 | INFO     | OrderManager    | Order #1688: BUY 10 AAPL @ 100
22:20:45 | INFO     | OrderManager    | Order #1689: BUY 10 AAPL @ 100
22:20:45 | INFO     | OrderManager    | Order #1690: BUY 10 AAPL @ 100
22:20:45 | INFO     | OrderManager    | Order #1691: BUY 10 AAPL @ 100
22:20:45 | INFO     | OrderManager    | Order #1692: BUY 10 AAPL @ 100
22:20:45 | INFO     | OrderManager    | Order #1693: BUY 10 AAPL @ 100
22:20:45 | INFO     | OrderManager    | Order #1694: BUY 10 AAPL @ 100
22:20:45 | INFO     | OrderManager    | Order #1695: BUY 10 AAPL @ 100
22:20:45 | INFO     | OrderManager    | Order #1696: BUY 10 AAPL @ 100
22:20:46 | INFO     | Gateway         | Gateway shutdown requested
22:20:46 | INFO     | Strategy        | Strategy main loop terminated
